Id,Name,ScheduleId,TotalArrivalTime,Latitude,Longitude
1,Stop 1,1,53,12.1568805,-86.1988983
2,Stop 2,1,53,12.1544568,-86.1991556
3,Stop 3,1,53,12.1530759,-86.1992979
4,Stop 4,1,53,12.1485487,-86.1999905
5,Stop 5,1,53,12.1485874,-86.2035718
6,Stop 6,1,53,12.1489305,-86.2084454
7,Stop 7,1,53,12.1492972,-86.2115917
8,Stop 8,1,53,12.149557,-86.2176573
9,Stop 9,1,53,12.1471143,-86.2179112
10,Stop 10,1,53,12.1451565,-86.2184214
11,Stop 11,1,53,12.1421639,-86.2187709
12,Stop 12,1,53,12.1414221,-86.2176447
13,Stop 13,1,53,12.1376818,-86.2166559
14,Stop 14,1,53,12.1382629,-86.2190948
15,Stop 15,1,53,12.1385024,-86.2219929
16,Stop 16,1,53,12.1384094,-86.2239746
17,Stop 17,1,53,12.1383588,-86.2270693
18,Stop 18,1,53,12.1384584,-86.2292108
19,Stop 19,1,53,12.1391109,-86.2307829
20,Stop 20,1,53,12.1389148,-86.2324411
21,Stop 21,1,53,12.1370562,-86.2338998
22,Stop 22,1,53,12.1375172,-86.2378776
23,Stop 23,1,53,12.1373426,-86.2409498
24,Stop 24,1,53,12.1365415,-86.2429205
25,Stop 25,1,53,12.1371039,-86.2444652
26,Stop 26,1,53,12.1387203,-86.246332
27,Stop 27,1,53,12.1401682,-86.246848
28,Stop 28,1,53,12.1405415,-86.2488668
29,Stop 29,1,53,12.1406848,-86.251173
30,Stop 30,1,53,12.1435307,-86.2509417
31,Stop 31,1,53,12.1488611,-86.2490939
32,Stop 32,1,53,12.150837,-86.2494014
33,Stop 33,1,53,12.1525363,-86.2583882
34,Stop 34,1,53,12.1541678,-86.2640651
35,Stop 35,1,53,12.1542333,-86.2656516
36,Stop 36,1,53,12.1545552,-86.2689065
37,Stop 37,1,53,12.1547708,-86.2712543
38,Stop 38,1,53,12.1565664,-86.2743874
39,Stop 39,1,53,12.1593011,-86.2780464
40,Stop 40,1,53,12.1593442,-86.2791727
41,Stop 41,1,53,12.1594358,-86.2821011
42,Stop 42,1,53,12.1596319,-86.2847384
43,Stop 43,1,53,12.1598277,-86.2875033
44,Stop 44,1,53,12.1598993,-86.2906708
45,Stop 45,1,53,12.1598383,-86.2925795
46,Stop 46,1,53,12.1585356,-86.2931079
47,Stop 47,1,53,12.1578716,-86.2997557
48,Stop 48,1,53,12.1549249,-86.2998576
49,Stop 49,1,53,12.1518117,-86.3000576
50,Stop 50,1,53,12.1493276,-86.2985728
51,Stop 51,1,53,12.1475424,-86.2975077
52,Stop 52,1,53,12.1450135,-86.2994838
53,Stop 53,1,53,12.1402989,-86.2997016
54,Stop 54,1,53,12.1390167,-86.3000836
55,Stop 55,1,53,12.1386592,-86.3019102
56,Stop 56,1,53,12.1382211,-86.3045258
57,Stop 57,1,53,12.1321234,-86.3101534
58,Stop 58,1,53,12.1282116,-86.3116594
59,Stop 59,1,53,12.1230413,-86.3082028
60,Stop 60,1,53,12.1237052,-86.3060698
61,Stop 61,1,53,12.1241442,-86.3043903
62,Stop 62,1,53,12.1252619,-86.298904
63,Stop 63,1,53,12.1252992,-86.2971674
64,Stop 64,1,53,12.1231279,-86.296961
65,Stop 65,1,53,12.1231279,-86.296961
66,Stop 66,1,53,12.1253297,-86.2955552
67,Stop 67,1,53,12.1258307,-86.2964158
68,Stop 68,1,53,12.1253996,-86.2998255
69,Stop 69,1,53,12.1244582,-86.3045169
70,Stop 70,1,53,12.1233079,-86.3079483
71,Stop 71,1,53,12.1266496,-86.311842
72,Stop 72,1,53,12.1380657,-86.3044868
73,Stop 73,1,53,12.138494,-86.3018705
74,Stop 74,1,53,12.1395009,-86.2995133
75,Stop 75,1,53,12.140289,-86.2995763
76,Stop 76,1,53,12.1450075,-86.2993525
77,Stop 77,1,53,12.146231,-86.2974503
78,Stop 78,1,53,12.1502664,-86.2974894
79,Stop 79,1,53,12.1517579,-86.2999544
80,Stop 80,1,53,12.1548977,-86.2997463
81,Stop 81,1,53,12.1555342,-86.2997137
82,Stop 82,1,53,12.1578704,-86.2996053
83,Stop 83,1,53,12.157764,-86.2956546
84,Stop 84,1,53,12.158525,-86.2930181
85,Stop 85,1,53,12.1590576,-86.2929614
86,Stop 86,1,53,12.1597082,-86.292575
87,Stop 87,1,53,12.1597794,-86.2906782
88,Stop 88,1,53,12.1596882,-86.2874516
89,Stop 89,1,53,12.1594927,-86.2847714
90,Stop 90,1,53,12.1593326,-86.2821066
91,Stop 91,1,53,12.1592256,-86.2791756
92,Stop 92,1,53,12.1592072,-86.2780385
93,Stop 93,1,53,12.1585097,-86.2765634
94,Stop 94,1,53,12.1564953,-86.2743941
95,Stop 95,1,53,12.1539601,-86.2729059
96,Stop 96,1,53,12.153706,-86.2669416
97,Stop 97,1,53,12.1536101,-86.263265
98,Stop 98,1,53,12.1526149,-86.2587582
99,Stop 99,1,53,12.1524528,-86.2585299
100,Stop 100,1,53,12.1522873,-86.2549833
101,Stop 101,1,53,12.1522848,-86.2549406
102,Stop 102,1,53,12.1512126,-86.2549667
103,Stop 103,1,53,12.1508608,-86.2525897
104,Stop 104,1,53,12.1506977,-86.2494039
105,Stop 105,1,53,12.1484197,-86.2495522
106,Stop 106,1,53,12.1441766,-86.2510199
107,Stop 107,1,53,12.1405756,-86.2511814
108,Stop 108,1,53,12.1403881,-86.2488629
109,Stop 109,1,53,12.1401591,-86.2470535
110,Stop 110,1,53,12.1389563,-86.2466998
111,Stop 111,1,53,12.1370452,-86.244494
112,Stop 112,1,53,12.1364949,-86.2429457
113,Stop 113,1,53,12.1360678,-86.2420135
114,Stop 114,1,53,12.1360855,-86.2417766
115,Stop 115,1,53,12.1374034,-86.2378867
116,Stop 116,1,53,12.137198,-86.2361023
117,Stop 117,1,53,12.1369545,-86.2339071
118,Stop 118,1,53,12.1388206,-86.2324018
119,Stop 119,1,53,12.1383414,-86.22924
120,Stop 120,1,53,12.1382632,-86.227082
121,Stop 121,1,53,12.1383216,-86.2239683
122,Stop 122,1,53,12.1383846,-86.2218424
123,Stop 123,1,53,12.1378622,-86.2185694
124,Stop 124,1,53,12.1372355,-86.2166797
125,Stop 125,1,53,12.1412129,-86.2166246
126,Stop 126,1,53,12.1421628,-86.2186855
127,Stop 127,1,53,12.1445794,-86.2185614
128,Stop 128,1,53,12.1468493,-86.2169058
129,Stop 129,1,53,12.1496561,-86.217513
130,Stop 130,1,53,12.1493612,-86.2130197
131,Stop 131,1,53,12.1488312,-86.208537
132,Stop 132,1,53,12.1483671,-86.2026442
133,Stop 133,1,53,12.153062,-86.1991373
134,Stop 134,1,53,12.1568687,-86.1988398
135,Stop 135,2,53,12.1568805,-86.1988983
136,Stop 136,2,53,12.1544568,-86.1991556
137,Stop 137,2,53,12.1530759,-86.1992979
138,Stop 138,2,53,12.1485487,-86.1999905
139,Stop 139,2,53,12.1485874,-86.2035718
140,Stop 140,2,53,12.1489305,-86.2084454
141,Stop 141,2,53,12.1492972,-86.2115917
142,Stop 142,2,53,12.149557,-86.2176573
143,Stop 143,2,53,12.1471143,-86.2179112
144,Stop 144,2,53,12.1451565,-86.2184214
145,Stop 145,2,53,12.1421639,-86.2187709
146,Stop 146,2,53,12.1414221,-86.2176447
147,Stop 147,2,53,12.1376818,-86.2166559
148,Stop 148,2,53,12.1382629,-86.2190948
149,Stop 149,2,53,12.1385024,-86.2219929
150,Stop 150,2,53,12.1384094,-86.2239746
151,Stop 151,2,53,12.1383588,-86.2270693
152,Stop 152,2,53,12.1384584,-86.2292108
153,Stop 153,2,53,12.1391109,-86.2307829
154,Stop 154,2,53,12.1389148,-86.2324411
155,Stop 155,2,53,12.1370562,-86.2338998
156,Stop 156,2,53,12.1375172,-86.2378776
157,Stop 157,2,53,12.1373426,-86.2409498
158,Stop 158,2,53,12.1365415,-86.2429205
159,Stop 159,2,53,12.1371039,-86.2444652
160,Stop 160,2,53,12.1387203,-86.246332
161,Stop 161,2,53,12.1401682,-86.246848
162,Stop 162,2,53,12.1405415,-86.2488668
163,Stop 163,2,53,12.1406848,-86.251173
164,Stop 164,2,53,12.1435307,-86.2509417
165,Stop 165,2,53,12.1488611,-86.2490939
166,Stop 166,2,53,12.150837,-86.2494014
167,Stop 167,2,53,12.1525363,-86.2583882
168,Stop 168,2,53,12.1541678,-86.2640651
169,Stop 169,2,53,12.1542333,-86.2656516
170,Stop 170,2,53,12.1545552,-86.2689065
171,Stop 171,2,53,12.1547708,-86.2712543
172,Stop 172,2,53,12.1565664,-86.2743874
173,Stop 173,2,53,12.1593011,-86.2780464
174,Stop 174,2,53,12.1593442,-86.2791727
175,Stop 175,2,53,12.1594358,-86.2821011
176,Stop 176,2,53,12.1596319,-86.2847384
177,Stop 177,2,53,12.1598277,-86.2875033
178,Stop 178,2,53,12.1598993,-86.2906708
179,Stop 179,2,53,12.1598383,-86.2925795
180,Stop 180,2,53,12.1585356,-86.2931079
181,Stop 181,2,53,12.1578716,-86.2997557
182,Stop 182,2,53,12.1549249,-86.2998576
183,Stop 183,2,53,12.1518117,-86.3000576
184,Stop 184,2,53,12.1493276,-86.2985728
185,Stop 185,2,53,12.1475424,-86.2975077
186,Stop 186,2,53,12.1450135,-86.2994838
187,Stop 187,2,53,12.1402989,-86.2997016
188,Stop 188,2,53,12.1390167,-86.3000836
189,Stop 189,2,53,12.1386592,-86.3019102
190,Stop 190,2,53,12.1382211,-86.3045258
191,Stop 191,2,53,12.1321234,-86.3101534
192,Stop 192,2,53,12.1282116,-86.3116594
193,Stop 193,2,53,12.1230413,-86.3082028
194,Stop 194,2,53,12.1237052,-86.3060698
195,Stop 195,2,53,12.1241442,-86.3043903
196,Stop 196,2,53,12.1252619,-86.298904
197,Stop 197,2,53,12.1252992,-86.2971674
198,Stop 198,2,53,12.1231279,-86.296961
199,Stop 199,2,53,12.1231279,-86.296961
200,Stop 200,2,53,12.1253297,-86.2955552
201,Stop 201,2,53,12.1258307,-86.2964158
202,Stop 202,2,53,12.1253996,-86.2998255
203,Stop 203,2,53,12.1244582,-86.3045169
204,Stop 204,2,53,12.1233079,-86.3079483
205,Stop 205,2,53,12.1266496,-86.311842
206,Stop 206,2,53,12.1380657,-86.3044868
207,Stop 207,2,53,12.138494,-86.3018705
208,Stop 208,2,53,12.1395009,-86.2995133
209,Stop 209,2,53,12.140289,-86.2995763
210,Stop 210,2,53,12.1450075,-86.2993525
211,Stop 211,2,53,12.146231,-86.2974503
212,Stop 212,2,53,12.1502664,-86.2974894
213,Stop 213,2,53,12.1517579,-86.2999544
214,Stop 214,2,53,12.1548977,-86.2997463
215,Stop 215,2,53,12.1555342,-86.2997137
216,Stop 216,2,53,12.1578704,-86.2996053
217,Stop 217,2,53,12.157764,-86.2956546
218,Stop 218,2,53,12.158525,-86.2930181
219,Stop 219,2,53,12.1590576,-86.2929614
220,Stop 220,2,53,12.1597082,-86.292575
221,Stop 221,2,53,12.1597794,-86.2906782
222,Stop 222,2,53,12.1596882,-86.2874516
223,Stop 223,2,53,12.1594927,-86.2847714
224,Stop 224,2,53,12.1593326,-86.2821066
225,Stop 225,2,53,12.1592256,-86.2791756
226,Stop 226,2,53,12.1592072,-86.2780385
227,Stop 227,2,53,12.1585097,-86.2765634
228,Stop 228,2,53,12.1564953,-86.2743941
229,Stop 229,2,53,12.1539601,-86.2729059
230,Stop 230,2,53,12.153706,-86.2669416
231,Stop 231,2,53,12.1536101,-86.263265
232,Stop 232,2,53,12.1526149,-86.2587582
233,Stop 233,2,53,12.1524528,-86.2585299
234,Stop 234,2,53,12.1522873,-86.2549833
235,Stop 235,2,53,12.1522848,-86.2549406
236,Stop 236,2,53,12.1512126,-86.2549667
237,Stop 237,2,53,12.1508608,-86.2525897
238,Stop 238,2,53,12.1506977,-86.2494039
239,Stop 239,2,53,12.1484197,-86.2495522
240,Stop 240,2,53,12.1441766,-86.2510199
241,Stop 241,2,53,12.1405756,-86.2511814
242,Stop 242,2,53,12.1403881,-86.2488629
243,Stop 243,2,53,12.1401591,-86.2470535
244,Stop 244,2,53,12.1389563,-86.2466998
245,Stop 245,2,53,12.1370452,-86.244494
246,Stop 246,2,53,12.1364949,-86.2429457
247,Stop 247,2,53,12.1360678,-86.2420135
248,Stop 248,2,53,12.1360855,-86.2417766
249,Stop 249,2,53,12.1374034,-86.2378867
250,Stop 250,2,53,12.137198,-86.2361023
251,Stop 251,2,53,12.1369545,-86.2339071
252,Stop 252,2,53,12.1388206,-86.2324018
253,Stop 253,2,53,12.1383414,-86.22924
254,Stop 254,2,53,12.1382632,-86.227082
255,Stop 255,2,53,12.1383216,-86.2239683
256,Stop 256,2,53,12.1383846,-86.2218424
257,Stop 257,2,53,12.1378622,-86.2185694
258,Stop 258,2,53,12.1372355,-86.2166797
259,Stop 259,2,53,12.1412129,-86.2166246
260,Stop 260,2,53,12.1421628,-86.2186855
261,Stop 261,2,53,12.1445794,-86.2185614
262,Stop 262,2,53,12.1468493,-86.2169058
263,Stop 263,2,53,12.1496561,-86.217513
264,Stop 264,2,53,12.1493612,-86.2130197
265,Stop 265,2,53,12.1488312,-86.208537
266,Stop 266,2,53,12.1483671,-86.2026442
267,Stop 267,2,53,12.153062,-86.1991373
268,Stop 268,2,53,12.1568687,-86.1988398
269,Stop 269,3,63,12.1349832,-86.1946597
270,Stop 270,3,63,12.1338965,-86.199187
271,Stop 271,3,63,12.1302349,-86.2016047
272,Stop 272,3,63,12.1277488,-86.2032044
273,Stop 273,3,63,12.1261232,-86.2048215
274,Stop 274,3,63,12.1267478,-86.2064952
275,Stop 275,3,63,12.1274807,-86.2097171
276,Stop 276,3,63,12.1278606,-86.2118962
277,Stop 277,3,63,12.1283718,-86.2158967
278,Stop 278,3,63,12.1286856,-86.2184971
279,Stop 279,3,63,12.1284792,-86.2223622
280,Stop 280,3,63,12.1266488,-86.2233555
281,Stop 281,3,63,12.1250024,-86.2237018
282,Stop 282,3,63,12.1235681,-86.2240269
283,Stop 283,3,63,12.1208984,-86.224869
284,Stop 284,3,63,12.1219175,-86.2285494
285,Stop 285,3,63,12.1209491,-86.2308747
286,Stop 286,3,63,12.119937,-86.2319062
287,Stop 287,3,63,12.1206488,-86.2327811
288,Stop 288,3,63,12.1285562,-86.2333853
289,Stop 289,3,63,12.1286652,-86.2329833
290,Stop 290,3,63,12.1324436,-86.23534
291,Stop 291,3,63,12.1341979,-86.2381699
292,Stop 292,3,63,12.1359198,-86.2382537
293,Stop 293,3,63,12.139216,-86.2378737
294,Stop 294,3,63,12.1422411,-86.2376928
295,Stop 295,3,63,12.1446514,-86.2375131
296,Stop 296,3,63,12.1456917,-86.237454
297,Stop 297,3,63,12.1482085,-86.2372477
298,Stop 298,3,63,12.1514066,-86.2369377
299,Stop 299,3,63,12.1521471,-86.2427114
300,Stop 300,3,63,12.1524421,-86.2460419
301,Stop 301,3,63,12.1526418,-86.2482814
302,Stop 302,3,63,12.151711,-86.2491565
303,Stop 303,3,63,12.1484197,-86.2495522
304,Stop 304,3,63,12.145137,-86.2515321
305,Stop 305,3,63,12.1453802,-86.2536353
306,Stop 306,3,63,12.1444155,-86.2561512
307,Stop 307,3,63,12.1450611,-86.2598667
308,Stop 308,3,63,12.1450259,-86.2608299
309,Stop 309,3,63,12.1442184,-86.2667235
310,Stop 310,3,63,12.1455331,-86.2737374
311,Stop 311,3,63,12.1462149,-86.277966
312,Stop 312,3,63,12.1474785,-86.2821575
313,Stop 313,3,63,12.152205,-86.2831289
314,Stop 314,3,63,12.1523206,-86.2851342
315,Stop 315,3,63,12.1556518,-86.2879709
316,Stop 316,3,63,12.1554633,-86.2917162
317,Stop 317,3,63,12.1542887,-86.298127
318,Stop 318,3,63,12.1536544,-86.3009335
319,Stop 319,3,63,12.1524888,-86.3059974
320,Stop 320,3,63,12.1516988,-86.3091274
321,Stop 321,3,63,12.1507533,-86.313194
322,Stop 322,3,63,12.1554934,-86.3147253
323,Stop 323,3,63,12.1578077,-86.3137174
324,Stop 324,3,63,12.1578077,-86.3137174
325,Stop 325,3,63,12.1559049,-86.3129332
326,Stop 326,3,63,12.154588,-86.3121211
327,Stop 327,3,63,12.1546594,-86.3106215
328,Stop 328,3,63,12.1523231,-86.3090229
329,Stop 329,3,63,12.1536263,-86.3061664
330,Stop 330,3,63,12.1556345,-86.3056112
331,Stop 331,3,63,12.1546795,-86.3039617
332,Stop 332,3,63,12.1533583,-86.3025501
333,Stop 333,3,63,12.1541202,-86.2984103
334,Stop 334,3,63,12.15467,-86.2961233
335,Stop 335,3,63,12.15543,-86.2910826
336,Stop 336,3,63,12.1547958,-86.288729
337,Stop 337,3,63,12.152348,-86.2883806
338,Stop 338,3,63,12.1522055,-86.2850996
339,Stop 339,3,63,12.15214,-86.2834939
340,Stop 340,3,63,12.1492573,-86.2821316
341,Stop 341,3,63,12.1458234,-86.2821416
342,Stop 342,3,63,12.145504,-86.2790944
343,Stop 343,3,63,12.1449178,-86.2761379
344,Stop 344,3,63,12.1453369,-86.2738749
345,Stop 345,3,63,12.1441639,-86.26712
346,Stop 346,3,63,12.144232,-86.2615905
347,Stop 347,3,63,12.1434856,-86.2592914
348,Stop 348,3,63,12.1426301,-86.2567191
349,Stop 349,3,63,12.1423045,-86.2532899
350,Stop 350,3,63,12.1435307,-86.2509417
351,Stop 351,3,63,12.1488611,-86.2490939
352,Stop 352,3,63,12.151989,-86.2490227
353,Stop 353,3,63,12.1525774,-86.248319
354,Stop 354,3,63,12.1523704,-86.246069
355,Stop 355,3,63,12.1520775,-86.2427903
356,Stop 356,3,63,12.1514163,-86.2370197
357,Stop 357,3,63,12.1482207,-86.2373478
358,Stop 358,3,63,12.14561,-86.2376122
359,Stop 359,3,63,12.1422472,-86.2378
360,Stop 360,3,63,12.1396747,-86.2379861
361,Stop 361,3,63,12.1360896,-86.2383542
362,Stop 362,3,63,12.1340124,-86.2383082
363,Stop 363,3,63,12.1310096,-86.2331681
364,Stop 364,3,63,12.1254386,-86.2308942
365,Stop 365,3,63,12.122523,-86.2318039
366,Stop 366,3,63,12.1198732,-86.2319782
367,Stop 367,3,63,12.1217318,-86.2281988
368,Stop 368,3,63,12.1209281,-86.2253589
369,Stop 369,3,63,12.1228539,-86.2240672
370,Stop 370,3,63,12.1248137,-86.2236384
371,Stop 371,3,63,12.1266167,-86.2232401
372,Stop 372,3,63,12.1288595,-86.2214981
373,Stop 373,3,63,12.1286691,-86.2196044
374,Stop 374,3,63,12.1279566,-86.2141762
375,Stop 375,3,63,12.1276504,-86.2119791
376,Stop 376,3,63,12.1272342,-86.2093242
377,Stop 377,3,63,12.1266587,-86.2066634
378,Stop 378,3,63,12.1269069,-86.2036062
379,Stop 379,3,63,12.1297164,-86.2017682
380,Stop 380,3,63,12.1329838,-86.1995644
381,Stop 381,3,63,12.1339029,-86.1978481
382,Stop 382,3,63,12.1349562,-86.194397
383,Stop 383,4,63,12.1349832,-86.1946597
384,Stop 384,4,63,12.1338965,-86.199187
385,Stop 385,4,63,12.1302349,-86.2016047
386,Stop 386,4,63,12.1277488,-86.2032044
387,Stop 387,4,63,12.1261232,-86.2048215
388,Stop 388,4,63,12.1267478,-86.2064952
389,Stop 389,4,63,12.1274807,-86.2097171
390,Stop 390,4,63,12.1278606,-86.2118962
391,Stop 391,4,63,12.1283718,-86.2158967
392,Stop 392,4,63,12.1286856,-86.2184971
393,Stop 393,4,63,12.1284792,-86.2223622
394,Stop 394,4,63,12.1266488,-86.2233555
395,Stop 395,4,63,12.1250024,-86.2237018
396,Stop 396,4,63,12.1235681,-86.2240269
397,Stop 397,4,63,12.1208984,-86.224869
398,Stop 398,4,63,12.1219175,-86.2285494
399,Stop 399,4,63,12.1209491,-86.2308747
400,Stop 400,4,63,12.119937,-86.2319062
401,Stop 401,4,63,12.1206488,-86.2327811
402,Stop 402,4,63,12.1285562,-86.2333853
403,Stop 403,4,63,12.1286652,-86.2329833
404,Stop 404,4,63,12.1324436,-86.23534
405,Stop 405,4,63,12.1341979,-86.2381699
406,Stop 406,4,63,12.1359198,-86.2382537
407,Stop 407,4,63,12.139216,-86.2378737
408,Stop 408,4,63,12.1422411,-86.2376928
409,Stop 409,4,63,12.1446514,-86.2375131
410,Stop 410,4,63,12.1456917,-86.237454
411,Stop 411,4,63,12.1482085,-86.2372477
412,Stop 412,4,63,12.1514066,-86.2369377
413,Stop 413,4,63,12.1521471,-86.2427114
414,Stop 414,4,63,12.1524421,-86.2460419
415,Stop 415,4,63,12.1526418,-86.2482814
416,Stop 416,4,63,12.151711,-86.2491565
417,Stop 417,4,63,12.1484197,-86.2495522
418,Stop 418,4,63,12.145137,-86.2515321
419,Stop 419,4,63,12.1453802,-86.2536353
420,Stop 420,4,63,12.1444155,-86.2561512
421,Stop 421,4,63,12.1450611,-86.2598667
422,Stop 422,4,63,12.1450259,-86.2608299
423,Stop 423,4,63,12.1442184,-86.2667235
424,Stop 424,4,63,12.1455331,-86.2737374
425,Stop 425,4,63,12.1462149,-86.277966
426,Stop 426,4,63,12.1474785,-86.2821575
427,Stop 427,4,63,12.152205,-86.2831289
428,Stop 428,4,63,12.1523206,-86.2851342
429,Stop 429,4,63,12.1556518,-86.2879709
430,Stop 430,4,63,12.1554633,-86.2917162
431,Stop 431,4,63,12.1542887,-86.298127
432,Stop 432,4,63,12.1536544,-86.3009335
433,Stop 433,4,63,12.1524888,-86.3059974
434,Stop 434,4,63,12.1516988,-86.3091274
435,Stop 435,4,63,12.1507533,-86.313194
436,Stop 436,4,63,12.1554934,-86.3147253
437,Stop 437,4,63,12.1578077,-86.3137174
438,Stop 438,4,63,12.1578077,-86.3137174
439,Stop 439,4,63,12.1559049,-86.3129332
440,Stop 440,4,63,12.154588,-86.3121211
441,Stop 441,4,63,12.1546594,-86.3106215
442,Stop 442,4,63,12.1523231,-86.3090229
443,Stop 443,4,63,12.1536263,-86.3061664
444,Stop 444,4,63,12.1556345,-86.3056112
445,Stop 445,4,63,12.1546795,-86.3039617
446,Stop 446,4,63,12.1533583,-86.3025501
447,Stop 447,4,63,12.1541202,-86.2984103
448,Stop 448,4,63,12.15467,-86.2961233
449,Stop 449,4,63,12.15543,-86.2910826
450,Stop 450,4,63,12.1547958,-86.288729
451,Stop 451,4,63,12.152348,-86.2883806
452,Stop 452,4,63,12.1522055,-86.2850996
453,Stop 453,4,63,12.15214,-86.2834939
454,Stop 454,4,63,12.1492573,-86.2821316
455,Stop 455,4,63,12.1458234,-86.2821416
456,Stop 456,4,63,12.145504,-86.2790944
457,Stop 457,4,63,12.1449178,-86.2761379
458,Stop 458,4,63,12.1453369,-86.2738749
459,Stop 459,4,63,12.1441639,-86.26712
460,Stop 460,4,63,12.144232,-86.2615905
461,Stop 461,4,63,12.1434856,-86.2592914
462,Stop 462,4,63,12.1426301,-86.2567191
463,Stop 463,4,63,12.1423045,-86.2532899
464,Stop 464,4,63,12.1435307,-86.2509417
465,Stop 465,4,63,12.1488611,-86.2490939
466,Stop 466,4,63,12.151989,-86.2490227
467,Stop 467,4,63,12.1525774,-86.248319
468,Stop 468,4,63,12.1523704,-86.246069
469,Stop 469,4,63,12.1520775,-86.2427903
470,Stop 470,4,63,12.1514163,-86.2370197
471,Stop 471,4,63,12.1482207,-86.2373478
472,Stop 472,4,63,12.14561,-86.2376122
473,Stop 473,4,63,12.1422472,-86.2378
474,Stop 474,4,63,12.1396747,-86.2379861
475,Stop 475,4,63,12.1360896,-86.2383542
476,Stop 476,4,63,12.1340124,-86.2383082
477,Stop 477,4,63,12.1310096,-86.2331681
478,Stop 478,4,63,12.1254386,-86.2308942
479,Stop 479,4,63,12.122523,-86.2318039
480,Stop 480,4,63,12.1198732,-86.2319782
481,Stop 481,4,63,12.1217318,-86.2281988
482,Stop 482,4,63,12.1209281,-86.2253589
483,Stop 483,4,63,12.1228539,-86.2240672
484,Stop 484,4,63,12.1248137,-86.2236384
485,Stop 485,4,63,12.1266167,-86.2232401
486,Stop 486,4,63,12.1288595,-86.2214981
487,Stop 487,4,63,12.1286691,-86.2196044
488,Stop 488,4,63,12.1279566,-86.2141762
489,Stop 489,4,63,12.1276504,-86.2119791
490,Stop 490,4,63,12.1272342,-86.2093242
491,Stop 491,4,63,12.1266587,-86.2066634
492,Stop 492,4,63,12.1269069,-86.2036062
493,Stop 493,4,63,12.1297164,-86.2017682
494,Stop 494,4,63,12.1329838,-86.1995644
495,Stop 495,4,63,12.1339029,-86.1978481
496,Stop 496,4,63,12.1349562,-86.194397
497,Stop 497,5,66,12.1349832,-86.1946597
498,Stop 498,5,66,12.1338965,-86.199187
499,Stop 499,5,66,12.1302349,-86.2016047
500,Stop 500,5,66,12.1277488,-86.2032044
501,Stop 501,5,66,12.1261232,-86.2048215
502,Stop 502,5,66,12.1267478,-86.2064952
503,Stop 503,5,66,12.1274807,-86.2097171
504,Stop 504,5,66,12.1278606,-86.2118962
505,Stop 505,5,66,12.1283718,-86.2158967
506,Stop 506,5,66,12.1315196,-86.2171498
507,Stop 507,5,66,12.134993,-86.2169395
508,Stop 508,5,66,12.1382629,-86.2190948
509,Stop 509,5,66,12.1385024,-86.2219929
510,Stop 510,5,66,12.1384094,-86.2239746
511,Stop 511,5,66,12.1383588,-86.2270693
512,Stop 512,5,66,12.1384584,-86.2292108
513,Stop 513,5,66,12.1391109,-86.2307829
514,Stop 514,5,66,12.1389148,-86.2324411
515,Stop 515,5,66,12.1403075,-86.2331928
516,Stop 516,5,66,12.1449986,-86.2337504
517,Stop 517,5,66,12.146071,-86.2346202
518,Stop 518,5,66,12.1464726,-86.2378891
519,Stop 519,5,66,12.1462692,-86.2426253
520,Stop 520,5,66,12.1464885,-86.2467561
521,Stop 521,5,66,12.1456223,-86.2496603
522,Stop 522,5,66,12.145137,-86.2515321
523,Stop 523,5,66,12.1453802,-86.2536353
524,Stop 524,5,66,12.1444155,-86.2561512
525,Stop 525,5,66,12.1443419,-86.2599037
526,Stop 526,5,66,12.1404057,-86.2596442
527,Stop 527,5,66,12.1368968,-86.2587209
528,Stop 528,5,66,12.1343412,-86.2580202
529,Stop 529,5,66,12.1310282,-86.2615299
530,Stop 530,5,66,12.1296217,-86.265121
531,Stop 531,5,66,12.1268021,-86.2715981
532,Stop 532,5,66,12.1266796,-86.2748462
533,Stop 533,5,66,12.1308702,-86.2747835
534,Stop 534,5,66,12.1360957,-86.2769441
535,Stop 535,5,66,12.1361619,-86.2811341
536,Stop 536,5,66,12.1407099,-86.282787
537,Stop 537,5,66,12.1443083,-86.2824326
538,Stop 538,5,66,12.1472544,-86.2836966
539,Stop 539,5,66,12.1479743,-86.2876242
540,Stop 540,5,66,12.1496143,-86.2883143
541,Stop 541,5,66,12.1498155,-86.2923632
542,Stop 542,5,66,12.1500846,-86.2951082
543,Stop 543,5,66,12.1502297,-86.2971863
544,Stop 544,5,66,12.1512267,-86.2972038
545,Stop 545,5,66,12.1521258,-86.2971893
546,Stop 546,5,66,12.1574344,-86.2969299
547,Stop 547,5,66,12.157764,-86.2956546
548,Stop 548,5,66,12.160061,-86.2937983
549,Stop 549,5,66,12.1613245,-86.29365
550,Stop 550,5,66,12.1633156,-86.2934276
551,Stop 551,5,66,12.1633231,-86.2935235
552,Stop 552,5,66,12.1627215,-86.2935968
553,Stop 553,5,66,12.1618616,-86.2936746
554,Stop 554,5,66,12.1613314,-86.2937292
555,Stop 555,5,66,12.1600672,-86.2938566
556,Stop 556,5,66,12.1578692,-86.2948197
557,Stop 557,5,66,12.1574349,-86.2970572
558,Stop 558,5,66,12.1521317,-86.297303
559,Stop 559,5,66,12.1512421,-86.2973488
560,Stop 560,5,66,12.150103,-86.297397
561,Stop 561,5,66,12.1483557,-86.2962752
562,Stop 562,5,66,12.1481172,-86.2937739
563,Stop 563,5,66,12.1479353,-86.2920639
564,Stop 564,5,66,12.1478204,-86.2892938
565,Stop 565,5,66,12.1462578,-86.2871925
566,Stop 566,5,66,12.1453601,-86.2824895
567,Stop 567,5,66,12.1407434,-86.2829349
568,Stop 568,5,66,12.1365347,-86.2814842
569,Stop 569,5,66,12.1359262,-86.276865
570,Stop 570,5,66,12.1306125,-86.2750825
571,Stop 571,5,66,12.1257765,-86.2749857
572,Stop 572,5,66,12.1257577,-86.2727351
573,Stop 573,5,66,12.1294067,-86.2648083
574,Stop 574,5,66,12.1308274,-86.2614086
575,Stop 575,5,66,12.1340064,-86.2577932
576,Stop 576,5,66,12.1362928,-86.2583862
577,Stop 577,5,66,12.1390698,-86.2591768
578,Stop 578,5,66,12.1438887,-86.2594812
579,Stop 579,5,66,12.1470419,-86.2580418
580,Stop 580,5,66,12.1464613,-86.2550958
581,Stop 581,5,66,12.145393,-86.2532633
582,Stop 582,5,66,12.1454298,-86.2496346
583,Stop 583,5,66,12.1462466,-86.2458352
584,Stop 584,5,66,12.1461098,-86.2429639
585,Stop 585,5,66,12.1464041,-86.2383981
586,Stop 586,5,66,12.1459034,-86.2347273
587,Stop 587,5,66,12.1442824,-86.23386
588,Stop 588,5,66,12.1400876,-86.2333988
589,Stop 589,5,66,12.1388206,-86.2324018
590,Stop 590,5,66,12.1383414,-86.22924
591,Stop 591,5,66,12.1382632,-86.227082
592,Stop 592,5,66,12.1383216,-86.2239683
593,Stop 593,5,66,12.1383846,-86.2218424
594,Stop 594,5,66,12.1378622,-86.2185694
595,Stop 595,5,66,12.1354058,-86.2171753
596,Stop 596,5,66,12.1316522,-86.2174057
597,Stop 597,5,66,12.1279566,-86.2141762
598,Stop 598,5,66,12.1276504,-86.2119791
599,Stop 599,5,66,12.1272342,-86.2093242
600,Stop 600,5,66,12.1266587,-86.2066634
601,Stop 601,5,66,12.1269069,-86.2036062
602,Stop 602,5,66,12.1297164,-86.2017682
603,Stop 603,5,66,12.1329838,-86.1995644
604,Stop 604,5,66,12.1339029,-86.1978481
605,Stop 605,5,66,12.1349562,-86.194397
606,Stop 606,6,66,12.1349832,-86.1946597
607,Stop 607,6,66,12.1338965,-86.199187
608,Stop 608,6,66,12.1302349,-86.2016047
609,Stop 609,6,66,12.1277488,-86.2032044
610,Stop 610,6,66,12.1261232,-86.2048215
611,Stop 611,6,66,12.1267478,-86.2064952
612,Stop 612,6,66,12.1274807,-86.2097171
613,Stop 613,6,66,12.1278606,-86.2118962
614,Stop 614,6,66,12.1283718,-86.2158967
615,Stop 615,6,66,12.1315196,-86.2171498
616,Stop 616,6,66,12.134993,-86.2169395
617,Stop 617,6,66,12.1382629,-86.2190948
618,Stop 618,6,66,12.1385024,-86.2219929
619,Stop 619,6,66,12.1384094,-86.2239746
620,Stop 620,6,66,12.1383588,-86.2270693
621,Stop 621,6,66,12.1384584,-86.2292108
622,Stop 622,6,66,12.1391109,-86.2307829
623,Stop 623,6,66,12.1389148,-86.2324411
624,Stop 624,6,66,12.1403075,-86.2331928
625,Stop 625,6,66,12.1449986,-86.2337504
626,Stop 626,6,66,12.146071,-86.2346202
627,Stop 627,6,66,12.1464726,-86.2378891
628,Stop 628,6,66,12.1462692,-86.2426253
629,Stop 629,6,66,12.1464885,-86.2467561
630,Stop 630,6,66,12.1456223,-86.2496603
631,Stop 631,6,66,12.145137,-86.2515321
632,Stop 632,6,66,12.1453802,-86.2536353
633,Stop 633,6,66,12.1444155,-86.2561512
634,Stop 634,6,66,12.1443419,-86.2599037
635,Stop 635,6,66,12.1404057,-86.2596442
636,Stop 636,6,66,12.1368968,-86.2587209
637,Stop 637,6,66,12.1343412,-86.2580202
638,Stop 638,6,66,12.1310282,-86.2615299
639,Stop 639,6,66,12.1296217,-86.265121
640,Stop 640,6,66,12.1268021,-86.2715981
641,Stop 641,6,66,12.1266796,-86.2748462
642,Stop 642,6,66,12.1308702,-86.2747835
643,Stop 643,6,66,12.1360957,-86.2769441
644,Stop 644,6,66,12.1361619,-86.2811341
645,Stop 645,6,66,12.1407099,-86.282787
646,Stop 646,6,66,12.1443083,-86.2824326
647,Stop 647,6,66,12.1472544,-86.2836966
648,Stop 648,6,66,12.1479743,-86.2876242
649,Stop 649,6,66,12.1496143,-86.2883143
650,Stop 650,6,66,12.1498155,-86.2923632
651,Stop 651,6,66,12.1500846,-86.2951082
652,Stop 652,6,66,12.1502297,-86.2971863
653,Stop 653,6,66,12.1512267,-86.2972038
654,Stop 654,6,66,12.1521258,-86.2971893
655,Stop 655,6,66,12.1574344,-86.2969299
656,Stop 656,6,66,12.157764,-86.2956546
657,Stop 657,6,66,12.160061,-86.2937983
658,Stop 658,6,66,12.1613245,-86.29365
659,Stop 659,6,66,12.1633156,-86.2934276
660,Stop 660,6,66,12.1633231,-86.2935235
661,Stop 661,6,66,12.1627215,-86.2935968
662,Stop 662,6,66,12.1618616,-86.2936746
663,Stop 663,6,66,12.1613314,-86.2937292
664,Stop 664,6,66,12.1600672,-86.2938566
665,Stop 665,6,66,12.1578692,-86.2948197
666,Stop 666,6,66,12.1574349,-86.2970572
667,Stop 667,6,66,12.1521317,-86.297303
668,Stop 668,6,66,12.1512421,-86.2973488
669,Stop 669,6,66,12.150103,-86.297397
670,Stop 670,6,66,12.1483557,-86.2962752
671,Stop 671,6,66,12.1481172,-86.2937739
672,Stop 672,6,66,12.1479353,-86.2920639
673,Stop 673,6,66,12.1478204,-86.2892938
674,Stop 674,6,66,12.1462578,-86.2871925
675,Stop 675,6,66,12.1453601,-86.2824895
676,Stop 676,6,66,12.1407434,-86.2829349
677,Stop 677,6,66,12.1365347,-86.2814842
678,Stop 678,6,66,12.1359262,-86.276865
679,Stop 679,6,66,12.1306125,-86.2750825
680,Stop 680,6,66,12.1257765,-86.2749857
681,Stop 681,6,66,12.1257577,-86.2727351
682,Stop 682,6,66,12.1294067,-86.2648083
683,Stop 683,6,66,12.1308274,-86.2614086
684,Stop 684,6,66,12.1340064,-86.2577932
685,Stop 685,6,66,12.1362928,-86.2583862
686,Stop 686,6,66,12.1390698,-86.2591768
687,Stop 687,6,66,12.1438887,-86.2594812
688,Stop 688,6,66,12.1470419,-86.2580418
689,Stop 689,6,66,12.1464613,-86.2550958
690,Stop 690,6,66,12.145393,-86.2532633
691,Stop 691,6,66,12.1454298,-86.2496346
692,Stop 692,6,66,12.1462466,-86.2458352
693,Stop 693,6,66,12.1461098,-86.2429639
694,Stop 694,6,66,12.1464041,-86.2383981
695,Stop 695,6,66,12.1459034,-86.2347273
696,Stop 696,6,66,12.1442824,-86.23386
697,Stop 697,6,66,12.1400876,-86.2333988
698,Stop 698,6,66,12.1388206,-86.2324018
699,Stop 699,6,66,12.1383414,-86.22924
700,Stop 700,6,66,12.1382632,-86.227082
701,Stop 701,6,66,12.1383216,-86.2239683
702,Stop 702,6,66,12.1383846,-86.2218424
703,Stop 703,6,66,12.1378622,-86.2185694
704,Stop 704,6,66,12.1354058,-86.2171753
705,Stop 705,6,66,12.1316522,-86.2174057
706,Stop 706,6,66,12.1279566,-86.2141762
707,Stop 707,6,66,12.1276504,-86.2119791
708,Stop 708,6,66,12.1272342,-86.2093242
709,Stop 709,6,66,12.1266587,-86.2066634
710,Stop 710,6,66,12.1269069,-86.2036062
711,Stop 711,6,66,12.1297164,-86.2017682
712,Stop 712,6,66,12.1329838,-86.1995644
713,Stop 713,6,66,12.1339029,-86.1978481
714,Stop 714,6,66,12.1349562,-86.194397
715,Stop 715,7,73,12.1167227,-86.1969608
716,Stop 716,7,73,12.1148981,-86.1972158
717,Stop 717,7,73,12.1136949,-86.1964842
718,Stop 718,7,73,12.1121657,-86.1969483
719,Stop 719,7,73,12.1124983,-86.2005343
720,Stop 720,7,73,12.1130388,-86.2034764
721,Stop 721,7,73,12.1180747,-86.2027064
722,Stop 722,7,73,12.1192067,-86.2057731
723,Stop 723,7,73,12.1194055,-86.2070706
724,Stop 724,7,73,12.1205116,-86.2090664
725,Stop 725,7,73,12.1231988,-86.2092621
726,Stop 726,7,73,12.1274807,-86.2097171
727,Stop 727,7,73,12.1278606,-86.2118962
728,Stop 728,7,73,12.1283718,-86.2158967
729,Stop 729,7,73,12.1286856,-86.2184971
730,Stop 730,7,73,12.1291409,-86.2229013
731,Stop 731,7,73,12.1298287,-86.2277829
732,Stop 732,7,73,12.1311543,-86.233114
733,Stop 733,7,73,12.1324436,-86.23534
734,Stop 734,7,73,12.1341979,-86.2381699
735,Stop 735,7,73,12.1359198,-86.2382537
736,Stop 736,7,73,12.139216,-86.2378737
737,Stop 737,7,73,12.1410726,-86.2418829
738,Stop 738,7,73,12.1397669,-86.2454489
739,Stop 739,7,73,12.138345,-86.2493999
740,Stop 740,7,73,12.1350681,-86.2547274
741,Stop 741,7,73,12.1310282,-86.2615299
742,Stop 742,7,73,12.1296217,-86.265121
743,Stop 743,7,73,12.1268021,-86.2715981
744,Stop 744,7,73,12.1243832,-86.2768171
745,Stop 745,7,73,12.1258127,-86.2849228
746,Stop 746,7,73,12.1260649,-86.2882322
747,Stop 747,7,73,12.1258307,-86.2964158
748,Stop 748,7,73,12.1253996,-86.2998255
749,Stop 749,7,73,12.1244582,-86.3045169
750,Stop 750,7,73,12.1233079,-86.3079483
751,Stop 751,7,73,12.1266496,-86.311842
752,Stop 752,7,73,12.1310027,-86.3102866
753,Stop 753,7,73,12.1399645,-86.307516
754,Stop 754,7,73,12.1437674,-86.3048745
755,Stop 755,7,73,12.1458392,-86.3047371
756,Stop 756,7,73,12.1514258,-86.3044898
757,Stop 757,7,73,12.1524888,-86.3059974
758,Stop 758,7,73,12.1516988,-86.3091274
759,Stop 759,7,73,12.1489482,-86.3107299
760,Stop 760,7,73,12.1486448,-86.3105607
761,Stop 761,7,73,12.1512175,-86.3105
762,Stop 762,7,73,12.1515886,-86.3090624
763,Stop 763,7,73,12.152205,-86.3063796
764,Stop 764,7,73,12.1516419,-86.3046242
765,Stop 765,7,73,12.1460791,-86.3048997
766,Stop 766,7,73,12.1438295,-86.3050195
767,Stop 767,7,73,12.1404891,-86.3074866
768,Stop 768,7,73,12.1321234,-86.3101534
769,Stop 769,7,73,12.1282116,-86.3116594
770,Stop 770,7,73,12.1230413,-86.3082028
771,Stop 771,7,73,12.1237052,-86.3060698
772,Stop 772,7,73,12.1241442,-86.3043903
773,Stop 773,7,73,12.1252619,-86.298904
774,Stop 774,7,73,12.1254915,-86.2966774
775,Stop 775,7,73,12.1258691,-86.289637
776,Stop 776,7,73,12.125536,-86.2846072
777,Stop 777,7,73,12.1241589,-86.2768494
778,Stop 778,7,73,12.1257577,-86.2727351
779,Stop 779,7,73,12.1294067,-86.2648083
780,Stop 780,7,73,12.1308274,-86.2614086
781,Stop 781,7,73,12.1342427,-86.2552642
782,Stop 782,7,73,12.1377326,-86.2501326
783,Stop 783,7,73,12.1395362,-86.2455709
784,Stop 784,7,73,12.1409707,-86.2418915
785,Stop 785,7,73,12.1360896,-86.2383542
786,Stop 786,7,73,12.1340124,-86.2383082
787,Stop 787,7,73,12.1320153,-86.235106
788,Stop 788,7,73,12.1310096,-86.2331681
789,Stop 789,7,73,12.1297527,-86.2288875
790,Stop 790,7,73,12.1296314,-86.2278405
791,Stop 791,7,73,12.1291718,-86.224905
792,Stop 792,7,73,12.128876,-86.2219243
793,Stop 793,7,73,12.1288595,-86.2214981
794,Stop 794,7,73,12.1286691,-86.2196044
795,Stop 795,7,73,12.1280715,-86.2153897
796,Stop 796,7,73,12.1279566,-86.2141762
797,Stop 797,7,73,12.1276504,-86.2119791
798,Stop 798,7,73,12.1272342,-86.2093242
799,Stop 799,7,73,12.123483,-86.2092457
800,Stop 800,7,73,12.1205556,-86.2092061
801,Stop 801,7,73,12.1194357,-86.2079007
802,Stop 802,7,73,12.1190982,-86.2057913
803,Stop 803,7,73,12.1180081,-86.2027567
804,Stop 804,7,73,12.1153965,-86.2026603
805,Stop 805,7,73,12.1136528,-86.2033264
806,Stop 806,7,73,12.1130803,-86.2035829
807,Stop 807,7,73,12.1127932,-86.2034015
808,Stop 808,7,73,12.1123964,-86.2005473
809,Stop 809,7,73,12.1121298,-86.1975845
810,Stop 810,7,73,12.1138074,-86.1964764
811,Stop 811,7,73,12.1148809,-86.1971226
812,Stop 812,7,73,12.1168175,-86.1969428
813,Stop 813,8,73,12.1167227,-86.1969608
814,Stop 814,8,73,12.1148981,-86.1972158
815,Stop 815,8,73,12.1136949,-86.1964842
816,Stop 816,8,73,12.1121657,-86.1969483
817,Stop 817,8,73,12.1124983,-86.2005343
818,Stop 818,8,73,12.1130388,-86.2034764
819,Stop 819,8,73,12.1180747,-86.2027064
820,Stop 820,8,73,12.1192067,-86.2057731
821,Stop 821,8,73,12.1194055,-86.2070706
822,Stop 822,8,73,12.1205116,-86.2090664
823,Stop 823,8,73,12.1231988,-86.2092621
824,Stop 824,8,73,12.1274807,-86.2097171
825,Stop 825,8,73,12.1278606,-86.2118962
826,Stop 826,8,73,12.1283718,-86.2158967
827,Stop 827,8,73,12.1286856,-86.2184971
828,Stop 828,8,73,12.1291409,-86.2229013
829,Stop 829,8,73,12.1298287,-86.2277829
830,Stop 830,8,73,12.1311543,-86.233114
831,Stop 831,8,73,12.1324436,-86.23534
832,Stop 832,8,73,12.1341979,-86.2381699
833,Stop 833,8,73,12.1359198,-86.2382537
834,Stop 834,8,73,12.139216,-86.2378737
835,Stop 835,8,73,12.1410726,-86.2418829
836,Stop 836,8,73,12.1397669,-86.2454489
837,Stop 837,8,73,12.138345,-86.2493999
838,Stop 838,8,73,12.1350681,-86.2547274
839,Stop 839,8,73,12.1310282,-86.2615299
840,Stop 840,8,73,12.1296217,-86.265121
841,Stop 841,8,73,12.1268021,-86.2715981
842,Stop 842,8,73,12.1243832,-86.2768171
843,Stop 843,8,73,12.1258127,-86.2849228
844,Stop 844,8,73,12.1260649,-86.2882322
845,Stop 845,8,73,12.1258307,-86.2964158
846,Stop 846,8,73,12.1253996,-86.2998255
847,Stop 847,8,73,12.1244582,-86.3045169
848,Stop 848,8,73,12.1233079,-86.3079483
849,Stop 849,8,73,12.1266496,-86.311842
850,Stop 850,8,73,12.1310027,-86.3102866
851,Stop 851,8,73,12.1399645,-86.307516
852,Stop 852,8,73,12.1437674,-86.3048745
853,Stop 853,8,73,12.1458392,-86.3047371
854,Stop 854,8,73,12.1514258,-86.3044898
855,Stop 855,8,73,12.1524888,-86.3059974
856,Stop 856,8,73,12.1516988,-86.3091274
857,Stop 857,8,73,12.1489482,-86.3107299
858,Stop 858,8,73,12.1486448,-86.3105607
859,Stop 859,8,73,12.1512175,-86.3105
860,Stop 860,8,73,12.1515886,-86.3090624
861,Stop 861,8,73,12.152205,-86.3063796
862,Stop 862,8,73,12.1516419,-86.3046242
863,Stop 863,8,73,12.1460791,-86.3048997
864,Stop 864,8,73,12.1438295,-86.3050195
865,Stop 865,8,73,12.1404891,-86.3074866
866,Stop 866,8,73,12.1321234,-86.3101534
867,Stop 867,8,73,12.1282116,-86.3116594
868,Stop 868,8,73,12.1230413,-86.3082028
869,Stop 869,8,73,12.1237052,-86.3060698
870,Stop 870,8,73,12.1241442,-86.3043903
871,Stop 871,8,73,12.1252619,-86.298904
872,Stop 872,8,73,12.1254915,-86.2966774
873,Stop 873,8,73,12.1258691,-86.289637
874,Stop 874,8,73,12.125536,-86.2846072
875,Stop 875,8,73,12.1241589,-86.2768494
876,Stop 876,8,73,12.1257577,-86.2727351
877,Stop 877,8,73,12.1294067,-86.2648083
878,Stop 878,8,73,12.1308274,-86.2614086
879,Stop 879,8,73,12.1342427,-86.2552642
880,Stop 880,8,73,12.1377326,-86.2501326
881,Stop 881,8,73,12.1395362,-86.2455709
882,Stop 882,8,73,12.1409707,-86.2418915
883,Stop 883,8,73,12.1360896,-86.2383542
884,Stop 884,8,73,12.1340124,-86.2383082
885,Stop 885,8,73,12.1320153,-86.235106
886,Stop 886,8,73,12.1310096,-86.2331681
887,Stop 887,8,73,12.1297527,-86.2288875
888,Stop 888,8,73,12.1296314,-86.2278405
889,Stop 889,8,73,12.1291718,-86.224905
890,Stop 890,8,73,12.128876,-86.2219243
891,Stop 891,8,73,12.1288595,-86.2214981
892,Stop 892,8,73,12.1286691,-86.2196044
893,Stop 893,8,73,12.1280715,-86.2153897
894,Stop 894,8,73,12.1279566,-86.2141762
895,Stop 895,8,73,12.1276504,-86.2119791
896,Stop 896,8,73,12.1272342,-86.2093242
897,Stop 897,8,73,12.123483,-86.2092457
898,Stop 898,8,73,12.1205556,-86.2092061
899,Stop 899,8,73,12.1194357,-86.2079007
900,Stop 900,8,73,12.1190982,-86.2057913
901,Stop 901,8,73,12.1180081,-86.2027567
902,Stop 902,8,73,12.1153965,-86.2026603
903,Stop 903,8,73,12.1136528,-86.2033264
904,Stop 904,8,73,12.1130803,-86.2035829
905,Stop 905,8,73,12.1127932,-86.2034015
906,Stop 906,8,73,12.1123964,-86.2005473
907,Stop 907,8,73,12.1121298,-86.1975845
908,Stop 908,8,73,12.1138074,-86.1964764
909,Stop 909,8,73,12.1148809,-86.1971226
910,Stop 910,8,73,12.1168175,-86.1969428
911,Stop 813,9,67,12.1349832,-86.1946597
912,Stop 814,9,67,12.1373091,-86.1969118
913,Stop 815,9,67,12.1395465,-86.1960415
914,Stop 816,9,67,12.1417045,-86.195512
915,Stop 817,9,67,12.1467566,-86.1951493
916,Stop 818,9,67,12.1482958,-86.197417
917,Stop 819,9,67,12.1485487,-86.1999905
918,Stop 820,9,67,12.1487868,-86.2025283
919,Stop 821,9,67,12.1492954,-86.2082342
920,Stop 822,9,67,12.1496428,-86.2119945
921,Stop 823,9,67,12.148664,-86.2146002
922,Stop 824,9,67,12.1467716,-86.213892
923,Stop 825,9,67,12.1441998,-86.2141199
924,Stop 826,9,67,12.1415657,-86.2153644
925,Stop 827,9,67,12.1376818,-86.2166559
926,Stop 828,9,67,12.1382629,-86.2190948
927,Stop 829,9,67,12.1385024,-86.2219929
928,Stop 830,9,67,12.1384094,-86.2239746
929,Stop 831,9,67,12.1383588,-86.2270693
930,Stop 832,9,67,12.1360246,-86.2290724
931,Stop 833,9,67,12.1286842,-86.2335855
932,Stop 834,9,67,12.1263891,-86.2391134
933,Stop 835,9,67,12.1238517,-86.2422781
934,Stop 836,9,67,12.1210174,-86.2457915
935,Stop 837,9,67,12.1183951,-86.2492482
936,Stop 838,9,67,12.1175431,-86.2517319
937,Stop 839,9,67,12.1226555,-86.2526517
938,Stop 840,9,67,12.1254717,-86.2541078
939,Stop 841,9,67,12.1289864,-86.2560673
940,Stop 842,9,67,12.1340064,-86.2577932
941,Stop 843,9,67,12.1362928,-86.2583862
942,Stop 844,9,67,12.1390698,-86.2591768
943,Stop 845,9,67,12.1438887,-86.2594812
944,Stop 846,9,67,12.1450611,-86.2598667
945,Stop 847,9,67,12.1450259,-86.2608299
946,Stop 848,9,67,12.1441494,-86.2673545
947,Stop 849,9,67,12.1401777,-86.2678993
948,Stop 850,9,67,12.1369842,-86.2704658
949,Stop 851,9,67,12.1360957,-86.2769441
950,Stop 852,9,67,12.1335106,-86.281396
951,Stop 853,9,67,12.1288195,-86.281191
952,Stop 854,9,67,12.1272379,-86.2823026
953,Stop 855,9,67,12.1245863,-86.2836492
954,Stop 856,9,67,12.1193664,-86.2835981
955,Stop 857,9,67,12.1169442,-86.2844084
956,Stop 858,9,67,12.1132222,-86.2868324
957,Stop 859,9,67,12.1104079,-86.2870055
958,Stop 860,9,67,12.1088253,-86.2848891
959,Stop 861,9,67,12.1087977,-86.2839356
960,Stop 862,9,67,12.1124528,-86.2827376
961,Stop 863,9,67,12.1141228,-86.2827922
962,Stop 864,9,67,12.1149051,-86.2829281
963,Stop 865,9,67,12.1165241,-86.2828583
964,Stop 866,9,67,12.1164311,-86.2830075
965,Stop 867,9,67,12.1149004,-86.2830126
966,Stop 868,9,67,12.1141176,-86.2829183
967,Stop 869,9,67,12.1124442,-86.2828271
968,Stop 870,9,67,12.1091217,-86.2832944
969,Stop 871,9,67,12.1104103,-86.28684
970,Stop 872,9,67,12.1131993,-86.2866395
971,Stop 873,9,67,12.1170921,-86.2840636
972,Stop 874,9,67,12.1192639,-86.2834535
973,Stop 875,9,67,12.1241454,-86.2834581
974,Stop 876,9,67,12.1267721,-86.2819994
975,Stop 877,9,67,12.1287248,-86.2808576
976,Stop 878,9,67,12.1305982,-86.2804569
977,Stop 879,9,67,12.1330932,-86.2810839
978,Stop 880,9,67,12.1359262,-86.276865
979,Stop 881,9,67,12.1402007,-86.26776
980,Stop 882,9,67,12.1441361,-86.2672785
981,Stop 883,9,67,12.144232,-86.2615905
982,Stop 884,9,67,12.1404057,-86.2596442
983,Stop 885,9,67,12.1368968,-86.2587209
984,Stop 886,9,67,12.1343412,-86.2580202
985,Stop 887,9,67,12.1314764,-86.2572331
986,Stop 888,9,67,12.1281523,-86.2563548
987,Stop 889,9,67,12.1254602,-86.2544993
988,Stop 890,9,67,12.1211837,-86.2526237
989,Stop 891,9,67,12.1175126,-86.2519282
990,Stop 892,9,67,12.1175347,-86.2500154
991,Stop 893,9,67,12.1205462,-86.2459136
992,Stop 894,9,67,12.1227914,-86.2430506
993,Stop 895,9,67,12.1262321,-86.2389738
994,Stop 896,9,67,12.1285562,-86.2333853
995,Stop 897,9,67,12.1286652,-86.2329833
996,Stop 898,9,67,12.1325175,-86.2301702
997,Stop 899,9,67,12.1354297,-86.2289792
998,Stop 900,9,67,12.1382632,-86.227082
999,Stop 901,9,67,12.1383216,-86.2239683
1000,Stop 902,9,67,12.1383846,-86.2218424
1001,Stop 903,9,67,12.1378622,-86.2185694
1002,Stop 904,9,67,12.1372355,-86.2166797
1003,Stop 905,9,67,12.1412343,-86.2152028
1004,Stop 906,9,67,12.1440222,-86.2139542
1005,Stop 907,9,67,12.1466481,-86.2136105
1006,Stop 908,9,67,12.1484999,-86.2142065
1007,Stop 909,9,67,12.1493612,-86.2130197
1008,Stop 910,9,67,12.1488312,-86.208537
1009,Stop 911,9,67,12.1484699,-86.2035853
1010,Stop 912,9,67,12.1481264,-86.1987761
1011,Stop 913,9,67,12.1467522,-86.1953098
1012,Stop 914,9,67,12.1417582,-86.1956231
1013,Stop 915,9,67,12.1395809,-86.1961737
1014,Stop 916,9,67,12.1369632,-86.1972629
1015,Stop 917,9,67,12.1339029,-86.1978481
1016,Stop 918,9,67,12.1349562,-86.194397
1017,Stop 911,10,67,12.1349832,-86.1946597
1018,Stop 912,10,67,12.1373091,-86.1969118
1019,Stop 913,10,67,12.1395465,-86.1960415
1020,Stop 914,10,67,12.1417045,-86.195512
1021,Stop 915,10,67,12.1467566,-86.1951493
1022,Stop 916,10,67,12.1482958,-86.197417
1023,Stop 917,10,67,12.1485487,-86.1999905
1024,Stop 918,10,67,12.1487868,-86.2025283
1025,Stop 919,10,67,12.1492954,-86.2082342
1026,Stop 920,10,67,12.1496428,-86.2119945
1027,Stop 921,10,67,12.148664,-86.2146002
1028,Stop 922,10,67,12.1467716,-86.213892
1029,Stop 923,10,67,12.1441998,-86.2141199
1030,Stop 924,10,67,12.1415657,-86.2153644
1031,Stop 925,10,67,12.1376818,-86.2166559
1032,Stop 926,10,67,12.1382629,-86.2190948
1033,Stop 927,10,67,12.1385024,-86.2219929
1034,Stop 928,10,67,12.1384094,-86.2239746
1035,Stop 929,10,67,12.1383588,-86.2270693
1036,Stop 930,10,67,12.1360246,-86.2290724
1037,Stop 931,10,67,12.1286842,-86.2335855
1038,Stop 932,10,67,12.1263891,-86.2391134
1039,Stop 933,10,67,12.1238517,-86.2422781
1040,Stop 934,10,67,12.1210174,-86.2457915
1041,Stop 935,10,67,12.1183951,-86.2492482
1042,Stop 936,10,67,12.1175431,-86.2517319
1043,Stop 937,10,67,12.1226555,-86.2526517
1044,Stop 938,10,67,12.1254717,-86.2541078
1045,Stop 939,10,67,12.1289864,-86.2560673
1046,Stop 940,10,67,12.1340064,-86.2577932
1047,Stop 941,10,67,12.1362928,-86.2583862
1048,Stop 942,10,67,12.1390698,-86.2591768
1049,Stop 943,10,67,12.1438887,-86.2594812
1050,Stop 944,10,67,12.1450611,-86.2598667
1051,Stop 945,10,67,12.1450259,-86.2608299
1052,Stop 946,10,67,12.1441494,-86.2673545
1053,Stop 947,10,67,12.1401777,-86.2678993
1054,Stop 948,10,67,12.1369842,-86.2704658
1055,Stop 949,10,67,12.1360957,-86.2769441
1056,Stop 950,10,67,12.1335106,-86.281396
1057,Stop 951,10,67,12.1288195,-86.281191
1058,Stop 952,10,67,12.1272379,-86.2823026
1059,Stop 953,10,67,12.1245863,-86.2836492
1060,Stop 954,10,67,12.1193664,-86.2835981
1061,Stop 955,10,67,12.1169442,-86.2844084
1062,Stop 956,10,67,12.1132222,-86.2868324
1063,Stop 957,10,67,12.1104079,-86.2870055
1064,Stop 958,10,67,12.1088253,-86.2848891
1065,Stop 959,10,67,12.1087977,-86.2839356
1066,Stop 960,10,67,12.1124528,-86.2827376
1067,Stop 961,10,67,12.1141228,-86.2827922
1068,Stop 962,10,67,12.1149051,-86.2829281
1069,Stop 963,10,67,12.1165241,-86.2828583
1070,Stop 964,10,67,12.1164311,-86.2830075
1071,Stop 965,10,67,12.1149004,-86.2830126
1072,Stop 966,10,67,12.1141176,-86.2829183
1073,Stop 967,10,67,12.1124442,-86.2828271
1074,Stop 968,10,67,12.1091217,-86.2832944
1075,Stop 969,10,67,12.1104103,-86.28684
1076,Stop 970,10,67,12.1131993,-86.2866395
1077,Stop 971,10,67,12.1170921,-86.2840636
1078,Stop 972,10,67,12.1192639,-86.2834535
1079,Stop 973,10,67,12.1241454,-86.2834581
1080,Stop 974,10,67,12.1267721,-86.2819994
1081,Stop 975,10,67,12.1287248,-86.2808576
1082,Stop 976,10,67,12.1305982,-86.2804569
1083,Stop 977,10,67,12.1330932,-86.2810839
1084,Stop 978,10,67,12.1359262,-86.276865
1085,Stop 979,10,67,12.1402007,-86.26776
1086,Stop 980,10,67,12.1441361,-86.2672785
1087,Stop 981,10,67,12.144232,-86.2615905
1088,Stop 982,10,67,12.1404057,-86.2596442
1089,Stop 983,10,67,12.1368968,-86.2587209
1090,Stop 984,10,67,12.1343412,-86.2580202
1091,Stop 985,10,67,12.1314764,-86.2572331
1092,Stop 986,10,67,12.1281523,-86.2563548
1093,Stop 987,10,67,12.1254602,-86.2544993
1094,Stop 988,10,67,12.1211837,-86.2526237
1095,Stop 989,10,67,12.1175126,-86.2519282
1096,Stop 990,10,67,12.1175347,-86.2500154
1097,Stop 991,10,67,12.1205462,-86.2459136
1098,Stop 992,10,67,12.1227914,-86.2430506
1099,Stop 993,10,67,12.1262321,-86.2389738
1100,Stop 994,10,67,12.1285562,-86.2333853
1101,Stop 995,10,67,12.1286652,-86.2329833
1102,Stop 996,10,67,12.1325175,-86.2301702
1103,Stop 997,10,67,12.1354297,-86.2289792
1104,Stop 998,10,67,12.1382632,-86.227082
1105,Stop 999,10,67,12.1383216,-86.2239683
1106,Stop 1000,10,67,12.1383846,-86.2218424
1107,Stop 1001,10,67,12.1378622,-86.2185694
1108,Stop 1002,10,67,12.1372355,-86.2166797
1109,Stop 1003,10,67,12.1412343,-86.2152028
1110,Stop 1004,10,67,12.1440222,-86.2139542
1111,Stop 1005,10,67,12.1466481,-86.2136105
1112,Stop 1006,10,67,12.1484999,-86.2142065
1113,Stop 1007,10,67,12.1493612,-86.2130197
1114,Stop 1008,10,67,12.1488312,-86.208537
1115,Stop 1009,10,67,12.1484699,-86.2035853
1116,Stop 1010,10,67,12.1481264,-86.1987761
1117,Stop 1011,10,67,12.1467522,-86.1953098
1118,Stop 1012,10,67,12.1417582,-86.1956231
1119,Stop 1013,10,67,12.1395809,-86.1961737
1120,Stop 1014,10,67,12.1369632,-86.1972629
1121,Stop 1015,10,67,12.1339029,-86.1978481
1122,Stop 1016,10,67,12.1349562,-86.194397
1123,Stop 1123,11,73,12.1552632,-86.1841815
1124,Stop 1124,11,73,12.1533332,-86.1854209
1125,Stop 1125,11,73,12.1516904,-86.1862831
1126,Stop 1126,11,73,12.1506467,-86.1867614
1127,Stop 1127,11,73,12.1476085,-86.1877452
1128,Stop 1128,11,73,12.147631,-86.1901873
1129,Stop 1129,11,73,12.1479016,-86.1931916
1130,Stop 1130,11,73,12.1482958,-86.197417
1131,Stop 1131,11,73,12.1485487,-86.1999905
1132,Stop 1132,11,73,12.1487868,-86.2025283
1133,Stop 1133,11,73,12.1492954,-86.2082342
1134,Stop 1134,11,73,12.1496428,-86.2119945
1135,Stop 1135,11,73,12.1501034,-86.2174245
1136,Stop 1136,11,73,12.1503676,-86.2200954
1137,Stop 1137,11,73,12.1506791,-86.2232704
1138,Stop 1138,11,73,12.1493611,-86.2239105
1139,Stop 1139,11,73,12.1461789,-86.2242069
1140,Stop 1140,11,73,12.1441372,-86.2265726
1141,Stop 1141,11,73,12.1453473,-86.2298017
1142,Stop 1142,11,73,12.1455536,-86.2321116
1143,Stop 1143,11,73,12.146071,-86.2346202
1144,Stop 1144,11,73,12.14561,-86.2376122
1145,Stop 1145,11,73,12.1422472,-86.2378
1146,Stop 1146,11,73,12.1410726,-86.2418829
1147,Stop 1147,11,73,12.1397669,-86.2454489
1148,Stop 1148,11,73,12.138345,-86.2493999
1149,Stop 1149,11,73,12.1350681,-86.2547274
1150,Stop 1150,11,73,12.1310282,-86.2615299
1151,Stop 1151,11,73,12.1296217,-86.265121
1152,Stop 1152,11,73,12.1268021,-86.2715981
1153,Stop 1153,11,73,12.1243832,-86.2768171
1154,Stop 1154,11,73,12.1258127,-86.2849228
1155,Stop 1155,11,73,12.1260649,-86.2882322
1156,Stop 1156,11,73,12.1252992,-86.2971674
1157,Stop 1157,11,73,12.1204943,-86.297879
1158,Stop 1158,11,73,12.1191769,-86.2972955
1159,Stop 1159,11,73,12.1167964,-86.2975497
1160,Stop 1160,11,73,12.1152469,-86.2977378
1161,Stop 1161,11,73,12.1125085,-86.2980059
1162,Stop 1162,11,73,12.1089776,-86.2983854
1163,Stop 1163,11,73,12.1064261,-86.2978446
1164,Stop 1164,11,73,12.1026677,-86.2985862
1165,Stop 1165,11,73,12.1008024,-86.2985803
1166,Stop 1166,11,73,12.0993026,-86.2984904
1167,Stop 1167,11,73,12.0981029,-86.299426
1168,Stop 1168,11,73,12.0988784,-86.3022333
1169,Stop 1169,11,73,12.0966371,-86.3030544
1170,Stop 1170,11,73,12.0960957,-86.3045783
1171,Stop 1171,11,73,12.0947427,-86.3071321
1172,Stop 1172,11,73,12.0947427,-86.3071321
1173,Stop 1173,11,73,12.0946523,-86.3070708
1174,Stop 1174,11,73,12.09596,-86.3048639
1175,Stop 1175,11,73,12.0964248,-86.3028434
1176,Stop 1176,11,73,12.0986958,-86.3022526
1177,Stop 1177,11,73,12.0979593,-86.2994105
1178,Stop 1178,11,73,12.0992271,-86.2984719
1179,Stop 1179,11,73,12.1014935,-86.298345
1180,Stop 1180,11,73,12.1029296,-86.2984645
1181,Stop 1181,11,73,12.1061009,-86.2976686
1182,Stop 1182,11,73,12.1093694,-86.2972945
1183,Stop 1183,11,73,12.1129505,-86.2969105
1184,Stop 1184,11,73,12.1165925,-86.2965145
1185,Stop 1185,11,73,12.1188279,-86.2963246
1186,Stop 1186,11,73,12.1222376,-86.2959302
1187,Stop 1187,11,73,12.1253297,-86.2955552
1188,Stop 1188,11,73,12.1258691,-86.289637
1189,Stop 1189,11,73,12.125536,-86.2846072
1190,Stop 1190,11,73,12.1241589,-86.2768494
1191,Stop 1191,11,73,12.1257577,-86.2727351
1192,Stop 1192,11,73,12.1294067,-86.2648083
1193,Stop 1193,11,73,12.1308274,-86.2614086
1194,Stop 1194,11,73,12.1342427,-86.2552642
1195,Stop 1195,11,73,12.1377326,-86.2501326
1196,Stop 1196,11,73,12.1395362,-86.2455709
1197,Stop 1197,11,73,12.1409707,-86.2418915
1198,Stop 1198,11,73,12.1408262,-86.239915
1199,Stop 1199,11,73,12.1422411,-86.2376928
1200,Stop 1200,11,73,12.1446514,-86.2375131
1201,Stop 1201,11,73,12.1456917,-86.237454
1202,Stop 1202,11,73,12.1459034,-86.2347273
1203,Stop 1203,11,73,12.1453725,-86.2318381
1204,Stop 1204,11,73,12.1452274,-86.2302286
1205,Stop 1205,11,73,12.1440699,-86.2269014
1206,Stop 1206,11,73,12.1454084,-86.2241472
1207,Stop 1207,11,73,12.1503353,-86.2233845
1208,Stop 1208,11,73,12.1500395,-86.2206043
1209,Stop 1209,11,73,12.1497506,-86.2174703
1210,Stop 1210,11,73,12.1493612,-86.2130197
1211,Stop 1211,11,73,12.1488312,-86.208537
1212,Stop 1212,11,73,12.1485708,-86.2031474
1213,Stop 1213,11,73,12.1481264,-86.1987761
1214,Stop 1214,11,73,12.147619,-86.1933833
1215,Stop 1215,11,73,12.1471874,-86.1901091
1216,Stop 1216,11,73,12.1475964,-86.1876109
1217,Stop 1217,11,73,12.1498397,-86.1870064
1218,Stop 1218,11,73,12.151653,-86.1861893
1219,Stop 1219,11,73,12.1531006,-86.1854508
1220,Stop 1220,11,73,12.1551957,-86.1840753
1221,Stop 1221,12,73,12.1552632,-86.1841815
1222,Stop 1222,12,73,12.1533332,-86.1854209
1223,Stop 1223,12,73,12.1516904,-86.1862831
1224,Stop 1224,12,73,12.1506467,-86.1867614
1225,Stop 1225,12,73,12.1476085,-86.1877452
1226,Stop 1226,12,73,12.147631,-86.1901873
1227,Stop 1227,12,73,12.1479016,-86.1931916
1228,Stop 1228,12,73,12.1482958,-86.197417
1229,Stop 1229,12,73,12.1485487,-86.1999905
1230,Stop 1230,12,73,12.1487868,-86.2025283
1231,Stop 1231,12,73,12.1492954,-86.2082342
1232,Stop 1232,12,73,12.1496428,-86.2119945
1233,Stop 1233,12,73,12.1501034,-86.2174245
1234,Stop 1234,12,73,12.1503676,-86.2200954
1235,Stop 1235,12,73,12.1506791,-86.2232704
1236,Stop 1236,12,73,12.1493611,-86.2239105
1237,Stop 1237,12,73,12.1461789,-86.2242069
1238,Stop 1238,12,73,12.1441372,-86.2265726
1239,Stop 1239,12,73,12.1453473,-86.2298017
1240,Stop 1240,12,73,12.1455536,-86.2321116
1241,Stop 1241,12,73,12.146071,-86.2346202
1242,Stop 1242,12,73,12.14561,-86.2376122
1243,Stop 1243,12,73,12.1422472,-86.2378
1244,Stop 1244,12,73,12.1410726,-86.2418829
1245,Stop 1245,12,73,12.1397669,-86.2454489
1246,Stop 1246,12,73,12.138345,-86.2493999
1247,Stop 1247,12,73,12.1350681,-86.2547274
1248,Stop 1248,12,73,12.1310282,-86.2615299
1249,Stop 1249,12,73,12.1296217,-86.265121
1250,Stop 1250,12,73,12.1268021,-86.2715981
1251,Stop 1251,12,73,12.1243832,-86.2768171
1252,Stop 1252,12,73,12.1258127,-86.2849228
1253,Stop 1253,12,73,12.1260649,-86.2882322
1254,Stop 1254,12,73,12.1252992,-86.2971674
1255,Stop 1255,12,73,12.1204943,-86.297879
1256,Stop 1256,12,73,12.1191769,-86.2972955
1257,Stop 1257,12,73,12.1167964,-86.2975497
1258,Stop 1258,12,73,12.1152469,-86.2977378
1259,Stop 1259,12,73,12.1125085,-86.2980059
1260,Stop 1260,12,73,12.1089776,-86.2983854
1261,Stop 1261,12,73,12.1064261,-86.2978446
1262,Stop 1262,12,73,12.1026677,-86.2985862
1263,Stop 1263,12,73,12.1008024,-86.2985803
1264,Stop 1264,12,73,12.0993026,-86.2984904
1265,Stop 1265,12,73,12.0981029,-86.299426
1266,Stop 1266,12,73,12.0988784,-86.3022333
1267,Stop 1267,12,73,12.0966371,-86.3030544
1268,Stop 1268,12,73,12.0960957,-86.3045783
1269,Stop 1269,12,73,12.0947427,-86.3071321
1270,Stop 1270,12,73,12.0947427,-86.3071321
1271,Stop 1271,12,73,12.0946523,-86.3070708
1272,Stop 1272,12,73,12.09596,-86.3048639
1273,Stop 1273,12,73,12.0964248,-86.3028434
1274,Stop 1274,12,73,12.0986958,-86.3022526
1275,Stop 1275,12,73,12.0979593,-86.2994105
1276,Stop 1276,12,73,12.0992271,-86.2984719
1277,Stop 1277,12,73,12.1014935,-86.298345
1278,Stop 1278,12,73,12.1029296,-86.2984645
1279,Stop 1279,12,73,12.1061009,-86.2976686
1280,Stop 1280,12,73,12.1093694,-86.2972945
1281,Stop 1281,12,73,12.1129505,-86.2969105
1282,Stop 1282,12,73,12.1165925,-86.2965145
1283,Stop 1283,12,73,12.1188279,-86.2963246
1284,Stop 1284,12,73,12.1222376,-86.2959302
1285,Stop 1285,12,73,12.1253297,-86.2955552
1286,Stop 1286,12,73,12.1258691,-86.289637
1287,Stop 1287,12,73,12.125536,-86.2846072
1288,Stop 1288,12,73,12.1241589,-86.2768494
1289,Stop 1289,12,73,12.1257577,-86.2727351
1290,Stop 1290,12,73,12.1294067,-86.2648083
1291,Stop 1291,12,73,12.1308274,-86.2614086
1292,Stop 1292,12,73,12.1342427,-86.2552642
1293,Stop 1293,12,73,12.1377326,-86.2501326
1294,Stop 1294,12,73,12.1395362,-86.2455709
1295,Stop 1295,12,73,12.1409707,-86.2418915
1296,Stop 1296,12,73,12.1408262,-86.239915
1297,Stop 1297,12,73,12.1422411,-86.2376928
1298,Stop 1298,12,73,12.1446514,-86.2375131
1299,Stop 1299,12,73,12.1456917,-86.237454
1300,Stop 1300,12,73,12.1459034,-86.2347273
1301,Stop 1301,12,73,12.1453725,-86.2318381
1302,Stop 1302,12,73,12.1452274,-86.2302286
1303,Stop 1303,12,73,12.1440699,-86.2269014
1304,Stop 1304,12,73,12.1454084,-86.2241472
1305,Stop 1305,12,73,12.1503353,-86.2233845
1306,Stop 1306,12,73,12.1500395,-86.2206043
1307,Stop 1307,12,73,12.1497506,-86.2174703
1308,Stop 1308,12,73,12.1493612,-86.2130197
1309,Stop 1309,12,73,12.1488312,-86.208537
1310,Stop 1310,12,73,12.1485708,-86.2031474
1311,Stop 1311,12,73,12.1481264,-86.1987761
1312,Stop 1312,12,73,12.147619,-86.1933833
1313,Stop 1313,12,73,12.1471874,-86.1901091
1314,Stop 1314,12,73,12.1475964,-86.1876109
1315,Stop 1315,12,73,12.1498397,-86.1870064
1316,Stop 1316,12,73,12.151653,-86.1861893
1317,Stop 1317,12,73,12.1531006,-86.1854508
1318,Stop 1318,12,73,12.1551957,-86.1840753
1319,Stop 1319,13,63,12.1599865,-86.1954445
1320,Stop 1320,13,63,12.15492,-86.1949721
1321,Stop 1321,13,63,12.1500786,-86.1944081
1322,Stop 1322,13,63,12.1491587,-86.1942752
1323,Stop 1323,13,63,12.1467522,-86.1953098
1324,Stop 1324,13,63,12.1417582,-86.1956231
1325,Stop 1325,13,63,12.1395809,-86.1961737
1326,Stop 1326,13,63,12.1369632,-86.1972629
1327,Stop 1327,13,63,12.1338965,-86.199187
1328,Stop 1328,13,63,12.1302349,-86.2016047
1329,Stop 1329,13,63,12.1277488,-86.2032044
1330,Stop 1330,13,63,12.1261232,-86.2048215
1331,Stop 1331,13,63,12.1267478,-86.2064952
1332,Stop 1332,13,63,12.1274807,-86.2097171
1333,Stop 1333,13,63,12.1278606,-86.2118962
1334,Stop 1334,13,63,12.1283718,-86.2158967
1335,Stop 1335,13,63,12.1245306,-86.2178459
1336,Stop 1336,13,63,12.1234184,-86.2189518
1337,Stop 1337,13,63,12.1207817,-86.2214118
1338,Stop 1338,13,63,12.1208984,-86.224869
1339,Stop 1339,13,63,12.1219175,-86.2285494
1340,Stop 1340,13,63,12.1209491,-86.2308747
1341,Stop 1341,13,63,12.1210556,-86.2312724
1342,Stop 1342,13,63,12.1228965,-86.2315928
1343,Stop 1343,13,63,12.125175,-86.2319802
1344,Stop 1344,13,63,12.1253856,-86.2333145
1345,Stop 1345,13,63,12.1242913,-86.2343169
1346,Stop 1346,13,63,12.1208148,-86.2353839
1347,Stop 1347,13,63,12.1223901,-86.2375487
1348,Stop 1348,13,63,12.1229826,-86.2383192
1349,Stop 1349,13,63,12.1238517,-86.2422781
1350,Stop 1350,13,63,12.1210174,-86.2457915
1351,Stop 1351,13,63,12.1183951,-86.2492482
1352,Stop 1352,13,63,12.1150773,-86.2537564
1353,Stop 1353,13,63,12.1128592,-86.2571915
1354,Stop 1354,13,63,12.1126971,-86.2637662
1355,Stop 1355,13,63,12.1080401,-86.2650568
1356,Stop 1356,13,63,12.1030081,-86.2627715
1357,Stop 1357,13,63,12.1026878,-86.2656662
1358,Stop 1358,13,63,12.1036964,-86.2693558
1359,Stop 1359,13,63,12.1073336,-86.2720521
1360,Stop 1360,13,63,12.111984,-86.2718409
1361,Stop 1361,13,63,12.1162653,-86.2729664
1362,Stop 1362,13,63,12.1196124,-86.2734216
1363,Stop 1363,13,63,12.1243832,-86.2768171
1364,Stop 1364,13,63,12.1258127,-86.2849228
1365,Stop 1365,13,63,12.1260649,-86.2882322
1366,Stop 1366,13,63,12.1258307,-86.2964158
1367,Stop 1367,13,63,12.1253996,-86.2998255
1368,Stop 1368,13,63,12.1244582,-86.3045169
1369,Stop 1369,13,63,12.1233079,-86.3079483
1370,Stop 1370,13,63,12.1266496,-86.311842
1371,Stop 1371,13,63,12.1310027,-86.3102866
1372,Stop 1372,13,63,12.1399645,-86.307516
1373,Stop 1373,13,63,12.1437674,-86.3048745
1374,Stop 1374,13,63,12.1438295,-86.3050195
1375,Stop 1375,13,63,12.1404891,-86.3074866
1376,Stop 1376,13,63,12.1321234,-86.3101534
1377,Stop 1377,13,63,12.1282116,-86.3116594
1378,Stop 1378,13,63,12.1230413,-86.3082028
1379,Stop 1379,13,63,12.1237052,-86.3060698
1380,Stop 1380,13,63,12.1241442,-86.3043903
1381,Stop 1381,13,63,12.1252619,-86.298904
1382,Stop 1382,13,63,12.1254915,-86.2966774
1383,Stop 1383,13,63,12.1258691,-86.289637
1384,Stop 1384,13,63,12.125536,-86.2846072
1385,Stop 1385,13,63,12.1241589,-86.2768494
1386,Stop 1386,13,63,12.1212587,-86.273975
1387,Stop 1387,13,63,12.119236,-86.2735044
1388,Stop 1388,13,63,12.1168541,-86.2732265
1389,Stop 1389,13,63,12.1119572,-86.2719699
1390,Stop 1390,13,63,12.1063703,-86.2723693
1391,Stop 1391,13,63,12.1036152,-86.2695657
1392,Stop 1392,13,63,12.1025877,-86.2663206
1393,Stop 1393,13,63,12.1038821,-86.26271
1394,Stop 1394,13,63,12.1081289,-86.264878
1395,Stop 1395,13,63,12.1124555,-86.2647511
1396,Stop 1396,13,63,12.1125485,-86.2571759
1397,Stop 1397,13,63,12.1146275,-86.2539605
1398,Stop 1398,13,63,12.1175347,-86.2500154
1399,Stop 1399,13,63,12.1205462,-86.2459136
1400,Stop 1400,13,63,12.1227914,-86.2430506
1401,Stop 1401,13,63,12.1235079,-86.2393022
1402,Stop 1402,13,63,12.1228546,-86.2384232
1403,Stop 1403,13,63,12.1222773,-86.2376386
1404,Stop 1404,13,63,12.120683,-86.2355005
1405,Stop 1405,13,63,12.1242793,-86.2342146
1406,Stop 1406,13,63,12.1251735,-86.2327216
1407,Stop 1407,13,63,12.122523,-86.2318039
1408,Stop 1408,13,63,12.120996,-86.2313323
1409,Stop 1409,13,63,12.1217318,-86.2281988
1410,Stop 1410,13,63,12.1209281,-86.2253589
1411,Stop 1411,13,63,12.1206853,-86.2213762
1412,Stop 1412,13,63,12.1218971,-86.2190884
1413,Stop 1413,13,63,12.1234158,-86.2188559
1414,Stop 1414,13,63,12.1243965,-86.2185879
1415,Stop 1415,13,63,12.124276,-86.2154931
1416,Stop 1416,13,63,12.1276871,-86.2149274
1417,Stop 1417,13,63,12.1279566,-86.2141762
1418,Stop 1418,13,63,12.1276504,-86.2119791
1419,Stop 1419,13,63,12.1272342,-86.2093242
1420,Stop 1420,13,63,12.1266587,-86.2066634
1421,Stop 1421,13,63,12.1259734,-86.2049088
1422,Stop 1422,13,63,12.1269069,-86.2036062
1423,Stop 1423,13,63,12.1297164,-86.2017682
1424,Stop 1424,13,63,12.1329838,-86.1995644
1425,Stop 1425,13,63,12.1373091,-86.1969118
1426,Stop 1426,13,63,12.1395465,-86.1960415
1427,Stop 1427,13,63,12.1417045,-86.195512
1428,Stop 1428,13,63,12.1467566,-86.1951493
1429,Stop 1429,13,63,12.1491618,-86.1941479
1430,Stop 1430,13,63,12.1500877,-86.1942626
1431,Stop 1431,13,63,12.1549403,-86.1947824
1432,Stop 1432,13,63,12.1599889,-86.195424
1433,Stop 1433,14,63,12.1599865,-86.1954445
1434,Stop 1434,14,63,12.15492,-86.1949721
1435,Stop 1435,14,63,12.1500786,-86.1944081
1436,Stop 1436,14,63,12.1491587,-86.1942752
1437,Stop 1437,14,63,12.1467522,-86.1953098
1438,Stop 1438,14,63,12.1417582,-86.1956231
1439,Stop 1439,14,63,12.1395809,-86.1961737
1440,Stop 1440,14,63,12.1369632,-86.1972629
1441,Stop 1441,14,63,12.1338965,-86.199187
1442,Stop 1442,14,63,12.1302349,-86.2016047
1443,Stop 1443,14,63,12.1277488,-86.2032044
1444,Stop 1444,14,63,12.1261232,-86.2048215
1445,Stop 1445,14,63,12.1267478,-86.2064952
1446,Stop 1446,14,63,12.1274807,-86.2097171
1447,Stop 1447,14,63,12.1278606,-86.2118962
1448,Stop 1448,14,63,12.1283718,-86.2158967
1449,Stop 1449,14,63,12.1245306,-86.2178459
1450,Stop 1450,14,63,12.1234184,-86.2189518
1451,Stop 1451,14,63,12.1207817,-86.2214118
1452,Stop 1452,14,63,12.1208984,-86.224869
1453,Stop 1453,14,63,12.1219175,-86.2285494
1454,Stop 1454,14,63,12.1209491,-86.2308747
1455,Stop 1455,14,63,12.1210556,-86.2312724
1456,Stop 1456,14,63,12.1228965,-86.2315928
1457,Stop 1457,14,63,12.125175,-86.2319802
1458,Stop 1458,14,63,12.1253856,-86.2333145
1459,Stop 1459,14,63,12.1242913,-86.2343169
1460,Stop 1460,14,63,12.1208148,-86.2353839
1461,Stop 1461,14,63,12.1223901,-86.2375487
1462,Stop 1462,14,63,12.1229826,-86.2383192
1463,Stop 1463,14,63,12.1238517,-86.2422781
1464,Stop 1464,14,63,12.1210174,-86.2457915
1465,Stop 1465,14,63,12.1183951,-86.2492482
1466,Stop 1466,14,63,12.1150773,-86.2537564
1467,Stop 1467,14,63,12.1128592,-86.2571915
1468,Stop 1468,14,63,12.1126971,-86.2637662
1469,Stop 1469,14,63,12.1080401,-86.2650568
1470,Stop 1470,14,63,12.1030081,-86.2627715
1471,Stop 1471,14,63,12.1026878,-86.2656662
1472,Stop 1472,14,63,12.1036964,-86.2693558
1473,Stop 1473,14,63,12.1073336,-86.2720521
1474,Stop 1474,14,63,12.111984,-86.2718409
1475,Stop 1475,14,63,12.1162653,-86.2729664
1476,Stop 1476,14,63,12.1196124,-86.2734216
1477,Stop 1477,14,63,12.1243832,-86.2768171
1478,Stop 1478,14,63,12.1258127,-86.2849228
1479,Stop 1479,14,63,12.1260649,-86.2882322
1480,Stop 1480,14,63,12.1258307,-86.2964158
1481,Stop 1481,14,63,12.1253996,-86.2998255
1482,Stop 1482,14,63,12.1244582,-86.3045169
1483,Stop 1483,14,63,12.1233079,-86.3079483
1484,Stop 1484,14,63,12.1266496,-86.311842
1485,Stop 1485,14,63,12.1310027,-86.3102866
1486,Stop 1486,14,63,12.1399645,-86.307516
1487,Stop 1487,14,63,12.1437674,-86.3048745
1488,Stop 1488,14,63,12.1438295,-86.3050195
1489,Stop 1489,14,63,12.1404891,-86.3074866
1490,Stop 1490,14,63,12.1321234,-86.3101534
1491,Stop 1491,14,63,12.1282116,-86.3116594
1492,Stop 1492,14,63,12.1230413,-86.3082028
1493,Stop 1493,14,63,12.1237052,-86.3060698
1494,Stop 1494,14,63,12.1241442,-86.3043903
1495,Stop 1495,14,63,12.1252619,-86.298904
1496,Stop 1496,14,63,12.1254915,-86.2966774
1497,Stop 1497,14,63,12.1258691,-86.289637
1498,Stop 1498,14,63,12.125536,-86.2846072
1499,Stop 1499,14,63,12.1241589,-86.2768494
1500,Stop 1500,14,63,12.1212587,-86.273975
1501,Stop 1501,14,63,12.119236,-86.2735044
1502,Stop 1502,14,63,12.1168541,-86.2732265
1503,Stop 1503,14,63,12.1119572,-86.2719699
1504,Stop 1504,14,63,12.1063703,-86.2723693
1505,Stop 1505,14,63,12.1036152,-86.2695657
1506,Stop 1506,14,63,12.1025877,-86.2663206
1507,Stop 1507,14,63,12.1038821,-86.26271
1508,Stop 1508,14,63,12.1081289,-86.264878
1509,Stop 1509,14,63,12.1124555,-86.2647511
1510,Stop 1510,14,63,12.1125485,-86.2571759
1511,Stop 1511,14,63,12.1146275,-86.2539605
1512,Stop 1512,14,63,12.1175347,-86.2500154
1513,Stop 1513,14,63,12.1205462,-86.2459136
1514,Stop 1514,14,63,12.1227914,-86.2430506
1515,Stop 1515,14,63,12.1235079,-86.2393022
1516,Stop 1516,14,63,12.1228546,-86.2384232
1517,Stop 1517,14,63,12.1222773,-86.2376386
1518,Stop 1518,14,63,12.120683,-86.2355005
1519,Stop 1519,14,63,12.1242793,-86.2342146
1520,Stop 1520,14,63,12.1251735,-86.2327216
1521,Stop 1521,14,63,12.122523,-86.2318039
1522,Stop 1522,14,63,12.120996,-86.2313323
1523,Stop 1523,14,63,12.1217318,-86.2281988
1524,Stop 1524,14,63,12.1209281,-86.2253589
1525,Stop 1525,14,63,12.1206853,-86.2213762
1526,Stop 1526,14,63,12.1218971,-86.2190884
1527,Stop 1527,14,63,12.1234158,-86.2188559
1528,Stop 1528,14,63,12.1243965,-86.2185879
1529,Stop 1529,14,63,12.124276,-86.2154931
1530,Stop 1530,14,63,12.1276871,-86.2149274
1531,Stop 1531,14,63,12.1279566,-86.2141762
1532,Stop 1532,14,63,12.1276504,-86.2119791
1533,Stop 1533,14,63,12.1272342,-86.2093242
1534,Stop 1534,14,63,12.1266587,-86.2066634
1535,Stop 1535,14,63,12.1259734,-86.2049088
1536,Stop 1536,14,63,12.1269069,-86.2036062
1537,Stop 1537,14,63,12.1297164,-86.2017682
1538,Stop 1538,14,63,12.1329838,-86.1995644
1539,Stop 1539,14,63,12.1373091,-86.1969118
1540,Stop 1540,14,63,12.1395465,-86.1960415
1541,Stop 1541,14,63,12.1417045,-86.195512
1542,Stop 1542,14,63,12.1467566,-86.1951493
1543,Stop 1543,14,63,12.1491618,-86.1941479
1544,Stop 1544,14,63,12.1500877,-86.1942626
1545,Stop 1545,14,63,12.1549403,-86.1947824
1546,Stop 1546,14,63,12.1599889,-86.195424
1547,Stop 1547,15,83,12.1455964,-86.2633523
1548,Stop 1548,15,83,12.1442184,-86.2667235
1549,Stop 1549,15,83,12.1445117,-86.2682506
1550,Stop 1550,15,83,12.1455331,-86.2737374
1551,Stop 1551,15,83,12.1462149,-86.277966
1552,Stop 1552,15,83,12.1472544,-86.2836966
1553,Stop 1553,15,83,12.1479557,-86.2883207
1554,Stop 1554,15,83,12.1480426,-86.2920616
1555,Stop 1555,15,83,12.1482155,-86.2937638
1556,Stop 1556,15,83,12.1484328,-86.2962683
1557,Stop 1557,15,83,12.1475424,-86.2975077
1558,Stop 1558,15,83,12.1454006,-86.2976331
1559,Stop 1559,15,83,12.1432697,-86.2969002
1560,Stop 1560,15,83,12.141738,-86.2956457
1561,Stop 1561,15,83,12.1393193,-86.293648
1562,Stop 1562,15,83,12.1378977,-86.2925272
1563,Stop 1563,15,83,12.1352933,-86.292961
1564,Stop 1564,15,83,12.1321478,-86.2954496
1565,Stop 1565,15,83,12.1280239,-86.2971943
1566,Stop 1566,15,83,12.1268966,-86.2973211
1567,Stop 1567,15,83,12.1252992,-86.2971674
1568,Stop 1568,15,83,12.1204943,-86.297879
1569,Stop 1569,15,83,12.1191769,-86.2972955
1570,Stop 1570,15,83,12.1167964,-86.2975497
1571,Stop 1571,15,83,12.1152469,-86.2977378
1572,Stop 1572,15,83,12.1125085,-86.2980059
1573,Stop 1573,15,83,12.1089776,-86.2983854
1574,Stop 1574,15,83,12.1064261,-86.2978446
1575,Stop 1575,15,83,12.1026677,-86.2985862
1576,Stop 1576,15,83,12.1008024,-86.2985803
1577,Stop 1577,15,83,12.0993026,-86.2984904
1578,Stop 1578,15,83,12.0981029,-86.299426
1579,Stop 1579,15,83,12.0988784,-86.3022333
1580,Stop 1580,15,83,12.0966371,-86.3030544
1581,Stop 1581,15,83,12.0960957,-86.3045783
1582,Stop 1582,15,83,12.0947427,-86.3071321
1583,Stop 1583,15,83,12.0944914,-86.3089398
1584,Stop 1584,15,83,12.0941406,-86.3100861
1585,Stop 1585,15,83,12.0929265,-86.3097094
1586,Stop 1586,15,83,12.0905792,-86.3090825
1587,Stop 1587,15,83,12.0899103,-86.309568
1588,Stop 1588,15,83,12.0888252,-86.3094923
1589,Stop 1589,15,83,12.0888395,-86.3094151
1590,Stop 1590,15,83,12.0899683,-86.3094766
1591,Stop 1591,15,83,12.0905019,-86.3090279
1592,Stop 1592,15,83,12.0909139,-86.306952
1593,Stop 1593,15,83,12.0919902,-86.3071427
1594,Stop 1594,15,83,12.0946523,-86.3070708
1595,Stop 1595,15,83,12.09596,-86.3048639
1596,Stop 1596,15,83,12.0964248,-86.3028434
1597,Stop 1597,15,83,12.0986958,-86.3022526
1598,Stop 1598,15,83,12.0979593,-86.2994105
1599,Stop 1599,15,83,12.0992271,-86.2984719
1600,Stop 1600,15,83,12.1007971,-86.2985275
1601,Stop 1601,15,83,12.1014935,-86.298345
1602,Stop 1602,15,83,12.1029296,-86.2984645
1603,Stop 1603,15,83,12.1061009,-86.2976686
1604,Stop 1604,15,83,12.1093694,-86.2972945
1605,Stop 1605,15,83,12.1116498,-86.2970857
1606,Stop 1606,15,83,12.1129505,-86.2969105
1607,Stop 1607,15,83,12.1142428,-86.2968209
1608,Stop 1608,15,83,12.1165925,-86.2965145
1609,Stop 1609,15,83,12.1188279,-86.2963246
1610,Stop 1610,15,83,12.1222376,-86.2959302
1611,Stop 1611,15,83,12.1253297,-86.2955552
1612,Stop 1612,15,83,12.1278491,-86.2953277
1613,Stop 1613,15,83,12.1316825,-86.2949278
1614,Stop 1614,15,83,12.1319793,-86.293043
1615,Stop 1615,15,83,12.1330928,-86.2929351
1616,Stop 1616,15,83,12.1345222,-86.2918804
1617,Stop 1617,15,83,12.1367672,-86.2916601
1618,Stop 1618,15,83,12.1393532,-86.2935141
1619,Stop 1619,15,83,12.1423587,-86.2959168
1620,Stop 1620,15,83,12.146231,-86.2974503
1621,Stop 1621,15,83,12.1483557,-86.2962752
1622,Stop 1622,15,83,12.1481172,-86.2937739
1623,Stop 1623,15,83,12.1479353,-86.2920639
1624,Stop 1624,15,83,12.1478204,-86.2892938
1625,Stop 1625,15,83,12.1482279,-86.2864599
1626,Stop 1626,15,83,12.1492573,-86.2821316
1627,Stop 1627,15,83,12.1458234,-86.2821416
1628,Stop 1628,15,83,12.145504,-86.2790944
1629,Stop 1629,15,83,12.1449178,-86.2761379
1630,Stop 1630,15,83,12.1453369,-86.2738749
1631,Stop 1631,15,83,12.1441639,-86.26712
1632,Stop 1632,15,83,12.1455964,-86.2633523
1633,Stop 1633,16,83,12.1455964,-86.2633523
1634,Stop 1634,16,83,12.1442184,-86.2667235
1635,Stop 1635,16,83,12.1445117,-86.2682506
1636,Stop 1636,16,83,12.1455331,-86.2737374
1637,Stop 1637,16,83,12.1462149,-86.277966
1638,Stop 1638,16,83,12.1472544,-86.2836966
1639,Stop 1639,16,83,12.1479557,-86.2883207
1640,Stop 1640,16,83,12.1480426,-86.2920616
1641,Stop 1641,16,83,12.1482155,-86.2937638
1642,Stop 1642,16,83,12.1484328,-86.2962683
1643,Stop 1643,16,83,12.1475424,-86.2975077
1644,Stop 1644,16,83,12.1454006,-86.2976331
1645,Stop 1645,16,83,12.1432697,-86.2969002
1646,Stop 1646,16,83,12.141738,-86.2956457
1647,Stop 1647,16,83,12.1393193,-86.293648
1648,Stop 1648,16,83,12.1378977,-86.2925272
1649,Stop 1649,16,83,12.1352933,-86.292961
1650,Stop 1650,16,83,12.1321478,-86.2954496
1651,Stop 1651,16,83,12.1280239,-86.2971943
1652,Stop 1652,16,83,12.1268966,-86.2973211
1653,Stop 1653,16,83,12.1252992,-86.2971674
1654,Stop 1654,16,83,12.1204943,-86.297879
1655,Stop 1655,16,83,12.1191769,-86.2972955
1656,Stop 1656,16,83,12.1167964,-86.2975497
1657,Stop 1657,16,83,12.1152469,-86.2977378
1658,Stop 1658,16,83,12.1125085,-86.2980059
1659,Stop 1659,16,83,12.1089776,-86.2983854
1660,Stop 1660,16,83,12.1064261,-86.2978446
1661,Stop 1661,16,83,12.1026677,-86.2985862
1662,Stop 1662,16,83,12.1008024,-86.2985803
1663,Stop 1663,16,83,12.0993026,-86.2984904
1664,Stop 1664,16,83,12.0981029,-86.299426
1665,Stop 1665,16,83,12.0988784,-86.3022333
1666,Stop 1666,16,83,12.0966371,-86.3030544
1667,Stop 1667,16,83,12.0960957,-86.3045783
1668,Stop 1668,16,83,12.0947427,-86.3071321
1669,Stop 1669,16,83,12.0944914,-86.3089398
1670,Stop 1670,16,83,12.0941406,-86.3100861
1671,Stop 1671,16,83,12.0929265,-86.3097094
1672,Stop 1672,16,83,12.0905792,-86.3090825
1673,Stop 1673,16,83,12.0899103,-86.309568
1674,Stop 1674,16,83,12.0888252,-86.3094923
1675,Stop 1675,16,83,12.0888395,-86.3094151
1676,Stop 1676,16,83,12.0899683,-86.3094766
1677,Stop 1677,16,83,12.0905019,-86.3090279
1678,Stop 1678,16,83,12.0909139,-86.306952
1679,Stop 1679,16,83,12.0919902,-86.3071427
1680,Stop 1680,16,83,12.0946523,-86.3070708
1681,Stop 1681,16,83,12.09596,-86.3048639
1682,Stop 1682,16,83,12.0964248,-86.3028434
1683,Stop 1683,16,83,12.0986958,-86.3022526
1684,Stop 1684,16,83,12.0979593,-86.2994105
1685,Stop 1685,16,83,12.0992271,-86.2984719
1686,Stop 1686,16,83,12.1007971,-86.2985275
1687,Stop 1687,16,83,12.1014935,-86.298345
1688,Stop 1688,16,83,12.1029296,-86.2984645
1689,Stop 1689,16,83,12.1061009,-86.2976686
1690,Stop 1690,16,83,12.1093694,-86.2972945
1691,Stop 1691,16,83,12.1116498,-86.2970857
1692,Stop 1692,16,83,12.1129505,-86.2969105
1693,Stop 1693,16,83,12.1142428,-86.2968209
1694,Stop 1694,16,83,12.1165925,-86.2965145
1695,Stop 1695,16,83,12.1188279,-86.2963246
1696,Stop 1696,16,83,12.1222376,-86.2959302
1697,Stop 1697,16,83,12.1253297,-86.2955552
1698,Stop 1698,16,83,12.1278491,-86.2953277
1699,Stop 1699,16,83,12.1316825,-86.2949278
1700,Stop 1700,16,83,12.1319793,-86.293043
1701,Stop 1701,16,83,12.1330928,-86.2929351
1702,Stop 1702,16,83,12.1345222,-86.2918804
1703,Stop 1703,16,83,12.1367672,-86.2916601
1704,Stop 1704,16,83,12.1393532,-86.2935141
1705,Stop 1705,16,83,12.1423587,-86.2959168
1706,Stop 1706,16,83,12.146231,-86.2974503
1707,Stop 1707,16,83,12.1483557,-86.2962752
1708,Stop 1708,16,83,12.1481172,-86.2937739
1709,Stop 1709,16,83,12.1479353,-86.2920639
1710,Stop 1710,16,83,12.1478204,-86.2892938
1711,Stop 1711,16,83,12.1482279,-86.2864599
1712,Stop 1712,16,83,12.1492573,-86.2821316
1713,Stop 1713,16,83,12.1458234,-86.2821416
1714,Stop 1714,16,83,12.145504,-86.2790944
1715,Stop 1715,16,83,12.1449178,-86.2761379
1716,Stop 1716,16,83,12.1453369,-86.2738749
1717,Stop 1717,16,83,12.1441639,-86.26712
1718,Stop 1718,16,83,12.1455964,-86.2633523
1719,Stop 1719,17,67,12.1566088,-86.2111748
1720,Stop 1720,17,67,12.1562701,-86.2133627
1721,Stop 1721,17,67,12.1551573,-86.2169424
1722,Stop 1722,17,67,12.1551476,-86.2183005
1723,Stop 1723,17,67,12.1554904,-86.2197255
1724,Stop 1724,17,67,12.1560616,-86.2222449
1725,Stop 1725,17,67,12.1560254,-86.2240433
1726,Stop 1726,17,67,12.1569176,-86.2291481
1727,Stop 1727,17,67,12.1569099,-86.2323275
1728,Stop 1728,17,67,12.1571374,-86.2346039
1729,Stop 1729,17,67,12.1563903,-86.2358366
1730,Stop 1730,17,67,12.155966,-86.238429
1731,Stop 1731,17,67,12.1529185,-86.2387029
1732,Stop 1732,17,67,12.1521471,-86.2427114
1733,Stop 1733,17,67,12.1524421,-86.2460419
1734,Stop 1734,17,67,12.1526418,-86.2482814
1735,Stop 1735,17,67,12.151711,-86.2491565
1736,Stop 1736,17,67,12.1484197,-86.2495522
1737,Stop 1737,17,67,12.145137,-86.2515321
1738,Stop 1738,17,67,12.1453802,-86.2536353
1739,Stop 1739,17,67,12.1444155,-86.2561512
1740,Stop 1740,17,67,12.1443419,-86.2599037
1741,Stop 1741,17,67,12.1434856,-86.2592914
1742,Stop 1742,17,67,12.1426301,-86.2567191
1743,Stop 1743,17,67,12.1375655,-86.2535434
1744,Stop 1744,17,67,12.1369573,-86.2536565
1745,Stop 1745,17,67,12.1351198,-86.2539963
1746,Stop 1746,17,67,12.1327668,-86.2525993
1747,Stop 1747,17,67,12.1310264,-86.2529213
1748,Stop 1748,17,67,12.1296295,-86.2531302
1749,Stop 1749,17,67,12.1283328,-86.2515315
1750,Stop 1750,17,67,12.1254602,-86.2544993
1751,Stop 1751,17,67,12.1211837,-86.2526237
1752,Stop 1752,17,67,12.1175126,-86.2519282
1753,Stop 1753,17,67,12.1175347,-86.2500154
1754,Stop 1754,17,67,12.1205462,-86.2459136
1755,Stop 1755,17,67,12.1215718,-86.2434657
1756,Stop 1756,17,67,12.1183255,-86.2393597
1757,Stop 1757,17,67,12.1178599,-86.2387919
1758,Stop 1758,17,67,12.115766,-86.2370703
1759,Stop 1759,17,67,12.1147076,-86.2363401
1760,Stop 1760,17,67,12.1116664,-86.234288
1761,Stop 1761,17,67,12.1095725,-86.2320563
1762,Stop 1762,17,67,12.1089073,-86.2289429
1763,Stop 1763,17,67,12.1090605,-86.2276009
1764,Stop 1764,17,67,12.1092995,-86.2249958
1765,Stop 1765,17,67,12.1092121,-86.2237215
1766,Stop 1766,17,67,12.1077542,-86.2237022
1767,Stop 1767,17,67,12.1054254,-86.2237227
1768,Stop 1768,17,67,12.1047207,-86.2256711
1769,Stop 1769,17,67,12.1047854,-86.22871
1770,Stop 1770,17,67,12.1047087,-86.228711
1771,Stop 1771,17,67,12.1046298,-86.2256699
1772,Stop 1772,17,67,12.1054082,-86.2235959
1773,Stop 1773,17,67,12.1077853,-86.2235523
1774,Stop 1774,17,67,12.1092094,-86.22356
1775,Stop 1775,17,67,12.1093894,-86.224891
1776,Stop 1776,17,67,12.1091407,-86.2276132
1777,Stop 1777,17,67,12.1090411,-86.2285695
1778,Stop 1778,17,67,12.1096633,-86.2319678
1779,Stop 1779,17,67,12.1117045,-86.234195
1780,Stop 1780,17,67,12.114744,-86.2362448
1781,Stop 1781,17,67,12.117949,-86.2387155
1782,Stop 1782,17,67,12.1183805,-86.2392914
1783,Stop 1783,17,67,12.1210068,-86.2426899
1784,Stop 1784,17,67,12.1210174,-86.2457915
1785,Stop 1785,17,67,12.1183951,-86.2492482
1786,Stop 1786,17,67,12.1175431,-86.2517319
1787,Stop 1787,17,67,12.1226555,-86.2526517
1788,Stop 1788,17,67,12.1254717,-86.2541078
1789,Stop 1789,17,67,12.1265509,-86.2514609
1790,Stop 1790,17,67,12.1283215,-86.2514078
1791,Stop 1791,17,67,12.1296253,-86.2530366
1792,Stop 1792,17,67,12.1310236,-86.2528149
1793,Stop 1793,17,67,12.1327649,-86.2525094
1794,Stop 1794,17,67,12.1348319,-86.2527811
1795,Stop 1795,17,67,12.1368155,-86.2535973
1796,Stop 1796,17,67,12.1375488,-86.253452
1797,Stop 1797,17,67,12.1391021,-86.2566546
1798,Stop 1798,17,67,12.1393447,-86.2582031
1799,Stop 1799,17,67,12.1424451,-86.2577282
1800,Stop 1800,17,67,12.1438483,-86.2588428
1801,Stop 1801,17,67,12.1450592,-86.2601608
1802,Stop 1802,17,67,12.1434856,-86.2592914
1803,Stop 1803,17,67,12.1426301,-86.2567191
1804,Stop 1804,17,67,12.1423045,-86.2532899
1805,Stop 1805,17,67,12.1435307,-86.2509417
1806,Stop 1806,17,67,12.1488611,-86.2490939
1807,Stop 1807,17,67,12.151989,-86.2490227
1808,Stop 1808,17,67,12.1526786,-86.2482815
1809,Stop 1809,17,67,12.1524901,-86.2460855
1810,Stop 1810,17,67,12.1522152,-86.2428961
1811,Stop 1811,17,67,12.1524117,-86.2384819
1812,Stop 1812,17,67,12.1559632,-86.2381458
1813,Stop 1813,17,67,12.1560941,-86.2364556
1814,Stop 1814,17,67,12.1568872,-86.2344285
1815,Stop 1815,17,67,12.1568226,-86.2323292
1816,Stop 1816,17,67,12.1567767,-86.2298635
1817,Stop 1817,17,67,12.1557842,-86.2275535
1818,Stop 1818,17,67,12.155958,-86.2240433
1819,Stop 1819,17,67,12.1559383,-86.2222585
1820,Stop 1820,17,67,12.1554014,-86.2198485
1821,Stop 1821,17,67,12.1550838,-86.2184743
1822,Stop 1822,17,67,12.1550357,-86.2169473
1823,Stop 1823,17,67,12.1561762,-86.2133385
1824,Stop 1824,17,67,12.1566088,-86.2111748
1825,Stop 1825,18,67,12.1566088,-86.2111748
1826,Stop 1826,18,67,12.1562701,-86.2133627
1827,Stop 1827,18,67,12.1551573,-86.2169424
1828,Stop 1828,18,67,12.1551476,-86.2183005
1829,Stop 1829,18,67,12.1554904,-86.2197255
1830,Stop 1830,18,67,12.1560616,-86.2222449
1831,Stop 1831,18,67,12.1560254,-86.2240433
1832,Stop 1832,18,67,12.1569176,-86.2291481
1833,Stop 1833,18,67,12.1569099,-86.2323275
1834,Stop 1834,18,67,12.1571374,-86.2346039
1835,Stop 1835,18,67,12.1563903,-86.2358366
1836,Stop 1836,18,67,12.155966,-86.238429
1837,Stop 1837,18,67,12.1529185,-86.2387029
1838,Stop 1838,18,67,12.1521471,-86.2427114
1839,Stop 1839,18,67,12.1524421,-86.2460419
1840,Stop 1840,18,67,12.1526418,-86.2482814
1841,Stop 1841,18,67,12.151711,-86.2491565
1842,Stop 1842,18,67,12.1484197,-86.2495522
1843,Stop 1843,18,67,12.145137,-86.2515321
1844,Stop 1844,18,67,12.1453802,-86.2536353
1845,Stop 1845,18,67,12.1444155,-86.2561512
1846,Stop 1846,18,67,12.1443419,-86.2599037
1847,Stop 1847,18,67,12.1434856,-86.2592914
1848,Stop 1848,18,67,12.1426301,-86.2567191
1849,Stop 1849,18,67,12.1375655,-86.2535434
1850,Stop 1850,18,67,12.1369573,-86.2536565
1851,Stop 1851,18,67,12.1351198,-86.2539963
1852,Stop 1852,18,67,12.1327668,-86.2525993
1853,Stop 1853,18,67,12.1310264,-86.2529213
1854,Stop 1854,18,67,12.1296295,-86.2531302
1855,Stop 1855,18,67,12.1283328,-86.2515315
1856,Stop 1856,18,67,12.1254602,-86.2544993
1857,Stop 1857,18,67,12.1211837,-86.2526237
1858,Stop 1858,18,67,12.1175126,-86.2519282
1859,Stop 1859,18,67,12.1175347,-86.2500154
1860,Stop 1860,18,67,12.1205462,-86.2459136
1861,Stop 1861,18,67,12.1215718,-86.2434657
1862,Stop 1862,18,67,12.1183255,-86.2393597
1863,Stop 1863,18,67,12.1178599,-86.2387919
1864,Stop 1864,18,67,12.115766,-86.2370703
1865,Stop 1865,18,67,12.1147076,-86.2363401
1866,Stop 1866,18,67,12.1116664,-86.234288
1867,Stop 1867,18,67,12.1095725,-86.2320563
1868,Stop 1868,18,67,12.1089073,-86.2289429
1869,Stop 1869,18,67,12.1090605,-86.2276009
1870,Stop 1870,18,67,12.1092995,-86.2249958
1871,Stop 1871,18,67,12.1092121,-86.2237215
1872,Stop 1872,18,67,12.1077542,-86.2237022
1873,Stop 1873,18,67,12.1054254,-86.2237227
1874,Stop 1874,18,67,12.1047207,-86.2256711
1875,Stop 1875,18,67,12.1047854,-86.22871
1876,Stop 1876,18,67,12.1047087,-86.228711
1877,Stop 1877,18,67,12.1046298,-86.2256699
1878,Stop 1878,18,67,12.1054082,-86.2235959
1879,Stop 1879,18,67,12.1077853,-86.2235523
1880,Stop 1880,18,67,12.1092094,-86.22356
1881,Stop 1881,18,67,12.1093894,-86.224891
1882,Stop 1882,18,67,12.1091407,-86.2276132
1883,Stop 1883,18,67,12.1090411,-86.2285695
1884,Stop 1884,18,67,12.1096633,-86.2319678
1885,Stop 1885,18,67,12.1117045,-86.234195
1886,Stop 1886,18,67,12.114744,-86.2362448
1887,Stop 1887,18,67,12.117949,-86.2387155
1888,Stop 1888,18,67,12.1183805,-86.2392914
1889,Stop 1889,18,67,12.1210068,-86.2426899
1890,Stop 1890,18,67,12.1210174,-86.2457915
1891,Stop 1891,18,67,12.1183951,-86.2492482
1892,Stop 1892,18,67,12.1175431,-86.2517319
1893,Stop 1893,18,67,12.1226555,-86.2526517
1894,Stop 1894,18,67,12.1254717,-86.2541078
1895,Stop 1895,18,67,12.1265509,-86.2514609
1896,Stop 1896,18,67,12.1283215,-86.2514078
1897,Stop 1897,18,67,12.1296253,-86.2530366
1898,Stop 1898,18,67,12.1310236,-86.2528149
1899,Stop 1899,18,67,12.1327649,-86.2525094
1900,Stop 1900,18,67,12.1348319,-86.2527811
1901,Stop 1901,18,67,12.1368155,-86.2535973
1902,Stop 1902,18,67,12.1375488,-86.253452
1903,Stop 1903,18,67,12.1391021,-86.2566546
1904,Stop 1904,18,67,12.1393447,-86.2582031
1905,Stop 1905,18,67,12.1424451,-86.2577282
1906,Stop 1906,18,67,12.1438483,-86.2588428
1907,Stop 1907,18,67,12.1450592,-86.2601608
1908,Stop 1908,18,67,12.1434856,-86.2592914
1909,Stop 1909,18,67,12.1426301,-86.2567191
1910,Stop 1910,18,67,12.1423045,-86.2532899
1911,Stop 1911,18,67,12.1435307,-86.2509417
1912,Stop 1912,18,67,12.1488611,-86.2490939
1913,Stop 1913,18,67,12.151989,-86.2490227
1914,Stop 1914,18,67,12.1526786,-86.2482815
1915,Stop 1915,18,67,12.1524901,-86.2460855
1916,Stop 1916,18,67,12.1522152,-86.2428961
1917,Stop 1917,18,67,12.1524117,-86.2384819
1918,Stop 1918,18,67,12.1559632,-86.2381458
1919,Stop 1919,18,67,12.1560941,-86.2364556
1920,Stop 1920,18,67,12.1568872,-86.2344285
1921,Stop 1921,18,67,12.1568226,-86.2323292
1922,Stop 1922,18,67,12.1567767,-86.2298635
1923,Stop 1923,18,67,12.1557842,-86.2275535
1924,Stop 1924,18,67,12.155958,-86.2240433
1925,Stop 1925,18,67,12.1559383,-86.2222585
1926,Stop 1926,18,67,12.1554014,-86.2198485
1927,Stop 1927,18,67,12.1550838,-86.2184743
1928,Stop 1928,18,67,12.1550357,-86.2169473
1929,Stop 1929,18,67,12.1561762,-86.2133385
1930,Stop 1930,18,67,12.1566088,-86.2111748
1931,Stop 1931,19,63,12.1047087,-86.228711
1932,Stop 1932,19,63,12.1046298,-86.2256699
1933,Stop 1933,19,63,12.1054082,-86.2235959
1934,Stop 1934,19,63,12.1077853,-86.2235523
1935,Stop 1935,19,63,12.1092094,-86.22356
1936,Stop 1936,19,63,12.1093894,-86.224891
1937,Stop 1937,19,63,12.1091407,-86.2276132
1938,Stop 1938,19,63,12.1090411,-86.2285695
1939,Stop 1939,19,63,12.1096633,-86.2319678
1940,Stop 1940,19,63,12.1117045,-86.234195
1941,Stop 1941,19,63,12.114744,-86.2362448
1942,Stop 1942,19,63,12.115815,-86.2369821
1943,Stop 1943,19,63,12.117949,-86.2387155
1944,Stop 1944,19,63,12.1183805,-86.2392914
1945,Stop 1945,19,63,12.1210068,-86.2426899
1946,Stop 1946,19,63,12.1227914,-86.2430506
1947,Stop 1947,19,63,12.1262267,-86.241175
1948,Stop 1948,19,63,12.1289846,-86.2447727
1949,Stop 1949,19,63,12.1297019,-86.245307
1950,Stop 1950,19,63,12.1314195,-86.2445413
1951,Stop 1951,19,63,12.1323606,-86.24459
1952,Stop 1952,19,63,12.1350502,-86.2441751
1953,Stop 1953,19,63,12.1359322,-86.2460253
1954,Stop 1954,19,63,12.1360063,-86.2498942
1955,Stop 1955,19,63,12.1362433,-86.2506083
1956,Stop 1956,19,63,12.1368155,-86.2535973
1957,Stop 1957,19,63,12.1375488,-86.253452
1958,Stop 1958,19,63,12.1385793,-86.2538025
1959,Stop 1959,19,63,12.1391021,-86.2566546
1960,Stop 1960,19,63,12.1393447,-86.2582031
1961,Stop 1961,19,63,12.1424451,-86.2577282
1962,Stop 1962,19,63,12.1438483,-86.2588428
1963,Stop 1963,19,63,12.1450259,-86.2608299
1964,Stop 1964,19,63,12.1442184,-86.2667235
1965,Stop 1965,19,63,12.1445117,-86.2682506
1966,Stop 1966,19,63,12.1455331,-86.2737374
1967,Stop 1967,19,63,12.1481062,-86.2743883
1968,Stop 1968,19,63,12.1521896,-86.2738517
1969,Stop 1969,19,63,12.1565664,-86.2743874
1970,Stop 1970,19,63,12.1569561,-86.2776975
1971,Stop 1971,19,63,12.1572706,-86.2819083
1972,Stop 1972,19,63,12.1569464,-86.2821942
1973,Stop 1973,19,63,12.1551064,-86.2823926
1974,Stop 1974,19,63,12.1530176,-86.282687
1975,Stop 1975,19,63,12.152205,-86.2831289
1976,Stop 1976,19,63,12.1523206,-86.2851342
1977,Stop 1977,19,63,12.1524316,-86.2877626
1978,Stop 1978,19,63,12.1525937,-86.2912014
1979,Stop 1979,19,63,12.1551964,-86.2941733
1980,Stop 1980,19,63,12.1552743,-86.2968772
1981,Stop 1981,19,63,12.1574344,-86.2969299
1982,Stop 1982,19,63,12.1580649,-86.2992548
1983,Stop 1983,19,63,12.157522,-86.3043751
1984,Stop 1984,19,63,12.1524888,-86.3059974
1985,Stop 1985,19,63,12.1516988,-86.3091274
1986,Stop 1986,19,63,12.1489482,-86.3107299
1987,Stop 1987,19,63,12.1486448,-86.3105607
1988,Stop 1988,19,63,12.1512175,-86.3105
1989,Stop 1989,19,63,12.1515886,-86.3090624
1990,Stop 1990,19,63,12.152205,-86.3063796
1991,Stop 1991,19,63,12.1531356,-86.3044132
1992,Stop 1992,19,63,12.1562604,-86.3042514
1993,Stop 1993,19,63,12.1578406,-86.3042372
1994,Stop 1994,19,63,12.1579572,-86.2999916
1995,Stop 1995,19,63,12.1574349,-86.2970572
1996,Stop 1996,19,63,12.1551903,-86.2968792
1997,Stop 1997,19,63,12.1550573,-86.2941411
1998,Stop 1998,19,63,12.1531163,-86.2919909
1999,Stop 1999,19,63,12.1524775,-86.2911971
2000,Stop 2000,19,63,12.152348,-86.2883806
2001,Stop 2001,19,63,12.152289,-86.2873252
2002,Stop 2002,19,63,12.1522055,-86.2850996
2003,Stop 2003,19,63,12.15214,-86.2834939
2004,Stop 2004,19,63,12.1530088,-86.2824784
2005,Stop 2005,19,63,12.1546081,-86.2809912
2006,Stop 2006,19,63,12.1545275,-86.2784892
2007,Stop 2007,19,63,12.1564953,-86.2743941
2008,Stop 2008,19,63,12.1532056,-86.2740495
2009,Stop 2009,19,63,12.1477696,-86.2747065
2010,Stop 2010,19,63,12.1453369,-86.2738749
2011,Stop 2011,19,63,12.1444475,-86.2687583
2012,Stop 2012,19,63,12.1441639,-86.26712
2013,Stop 2013,19,63,12.144232,-86.2615905
2014,Stop 2014,19,63,12.1404057,-86.2596442
2015,Stop 2015,19,63,12.1392621,-86.2582148
2016,Stop 2016,19,63,12.1389972,-86.2566804
2017,Stop 2017,19,63,12.1385025,-86.2538242
2018,Stop 2018,19,63,12.1375655,-86.2535434
2019,Stop 2019,19,63,12.1369573,-86.2536565
2020,Stop 2020,19,63,12.1362488,-86.2508316
2021,Stop 2021,19,63,12.1359025,-86.2499617
2022,Stop 2022,19,63,12.1356788,-86.2478592
2023,Stop 2023,19,63,12.1358344,-86.246004
2024,Stop 2024,19,63,12.134963,-86.2441898
2025,Stop 2025,19,63,12.1323954,-86.2447001
2026,Stop 2026,19,63,12.1314151,-86.2446397
2027,Stop 2027,19,63,12.1299703,-86.2452431
2028,Stop 2028,19,63,12.1289775,-86.2451622
2029,Stop 2029,19,63,12.1263697,-86.241792
2030,Stop 2030,19,63,12.1238517,-86.2422781
2031,Stop 2031,19,63,12.1215718,-86.2434657
2032,Stop 2032,19,63,12.1183255,-86.2393597
2033,Stop 2033,19,63,12.1178599,-86.2387919
2034,Stop 2034,19,63,12.115766,-86.2370703
2035,Stop 2035,19,63,12.1147076,-86.2363401
2036,Stop 2036,19,63,12.1116664,-86.234288
2037,Stop 2037,19,63,12.1095725,-86.2320563
2038,Stop 2038,19,63,12.1090605,-86.2276009
2039,Stop 2039,19,63,12.1092995,-86.2249958
2040,Stop 2040,19,63,12.1092121,-86.2237215
2041,Stop 2041,19,63,12.1077542,-86.2237022
2042,Stop 2042,19,63,12.1054254,-86.2237227
2043,Stop 2043,19,63,12.1047207,-86.2256711
2044,Stop 2044,19,63,12.1047854,-86.22871
2045,Stop 2045,20,63,12.1047087,-86.228711
2046,Stop 2046,20,63,12.1046298,-86.2256699
2047,Stop 2047,20,63,12.1054082,-86.2235959
2048,Stop 2048,20,63,12.1077853,-86.2235523
2049,Stop 2049,20,63,12.1092094,-86.22356
2050,Stop 2050,20,63,12.1093894,-86.224891
2051,Stop 2051,20,63,12.1091407,-86.2276132
2052,Stop 2052,20,63,12.1090411,-86.2285695
2053,Stop 2053,20,63,12.1096633,-86.2319678
2054,Stop 2054,20,63,12.1117045,-86.234195
2055,Stop 2055,20,63,12.114744,-86.2362448
2056,Stop 2056,20,63,12.115815,-86.2369821
2057,Stop 2057,20,63,12.117949,-86.2387155
2058,Stop 2058,20,63,12.1183805,-86.2392914
2059,Stop 2059,20,63,12.1210068,-86.2426899
2060,Stop 2060,20,63,12.1227914,-86.2430506
2061,Stop 2061,20,63,12.1262267,-86.241175
2062,Stop 2062,20,63,12.1289846,-86.2447727
2063,Stop 2063,20,63,12.1297019,-86.245307
2064,Stop 2064,20,63,12.1314195,-86.2445413
2065,Stop 2065,20,63,12.1323606,-86.24459
2066,Stop 2066,20,63,12.1350502,-86.2441751
2067,Stop 2067,20,63,12.1359322,-86.2460253
2068,Stop 2068,20,63,12.1360063,-86.2498942
2069,Stop 2069,20,63,12.1362433,-86.2506083
2070,Stop 2070,20,63,12.1368155,-86.2535973
2071,Stop 2071,20,63,12.1375488,-86.253452
2072,Stop 2072,20,63,12.1385793,-86.2538025
2073,Stop 2073,20,63,12.1391021,-86.2566546
2074,Stop 2074,20,63,12.1393447,-86.2582031
2075,Stop 2075,20,63,12.1424451,-86.2577282
2076,Stop 2076,20,63,12.1438483,-86.2588428
2077,Stop 2077,20,63,12.1450259,-86.2608299
2078,Stop 2078,20,63,12.1442184,-86.2667235
2079,Stop 2079,20,63,12.1445117,-86.2682506
2080,Stop 2080,20,63,12.1455331,-86.2737374
2081,Stop 2081,20,63,12.1481062,-86.2743883
2082,Stop 2082,20,63,12.1521896,-86.2738517
2083,Stop 2083,20,63,12.1565664,-86.2743874
2084,Stop 2084,20,63,12.1569561,-86.2776975
2085,Stop 2085,20,63,12.1572706,-86.2819083
2086,Stop 2086,20,63,12.1569464,-86.2821942
2087,Stop 2087,20,63,12.1551064,-86.2823926
2088,Stop 2088,20,63,12.1530176,-86.282687
2089,Stop 2089,20,63,12.152205,-86.2831289
2090,Stop 2090,20,63,12.1523206,-86.2851342
2091,Stop 2091,20,63,12.1524316,-86.2877626
2092,Stop 2092,20,63,12.1525937,-86.2912014
2093,Stop 2093,20,63,12.1551964,-86.2941733
2094,Stop 2094,20,63,12.1552743,-86.2968772
2095,Stop 2095,20,63,12.1574344,-86.2969299
2096,Stop 2096,20,63,12.1580649,-86.2992548
2097,Stop 2097,20,63,12.157522,-86.3043751
2098,Stop 2098,20,63,12.1524888,-86.3059974
2099,Stop 2099,20,63,12.1516988,-86.3091274
2100,Stop 2100,20,63,12.1489482,-86.3107299
2101,Stop 2101,20,63,12.1486448,-86.3105607
2102,Stop 2102,20,63,12.1512175,-86.3105
2103,Stop 2103,20,63,12.1515886,-86.3090624
2104,Stop 2104,20,63,12.152205,-86.3063796
2105,Stop 2105,20,63,12.1531356,-86.3044132
2106,Stop 2106,20,63,12.1562604,-86.3042514
2107,Stop 2107,20,63,12.1578406,-86.3042372
2108,Stop 2108,20,63,12.1579572,-86.2999916
2109,Stop 2109,20,63,12.1574349,-86.2970572
2110,Stop 2110,20,63,12.1551903,-86.2968792
2111,Stop 2111,20,63,12.1550573,-86.2941411
2112,Stop 2112,20,63,12.1531163,-86.2919909
2113,Stop 2113,20,63,12.1524775,-86.2911971
2114,Stop 2114,20,63,12.152348,-86.2883806
2115,Stop 2115,20,63,12.152289,-86.2873252
2116,Stop 2116,20,63,12.1522055,-86.2850996
2117,Stop 2117,20,63,12.15214,-86.2834939
2118,Stop 2118,20,63,12.1530088,-86.2824784
2119,Stop 2119,20,63,12.1546081,-86.2809912
2120,Stop 2120,20,63,12.1545275,-86.2784892
2121,Stop 2121,20,63,12.1564953,-86.2743941
2122,Stop 2122,20,63,12.1532056,-86.2740495
2123,Stop 2123,20,63,12.1477696,-86.2747065
2124,Stop 2124,20,63,12.1453369,-86.2738749
2125,Stop 2125,20,63,12.1444475,-86.2687583
2126,Stop 2126,20,63,12.1441639,-86.26712
2127,Stop 2127,20,63,12.144232,-86.2615905
2128,Stop 2128,20,63,12.1404057,-86.2596442
2129,Stop 2129,20,63,12.1392621,-86.2582148
2130,Stop 2130,20,63,12.1389972,-86.2566804
2131,Stop 2131,20,63,12.1385025,-86.2538242
2132,Stop 2132,20,63,12.1375655,-86.2535434
2133,Stop 2133,20,63,12.1369573,-86.2536565
2134,Stop 2134,20,63,12.1362488,-86.2508316
2135,Stop 2135,20,63,12.1359025,-86.2499617
2136,Stop 2136,20,63,12.1356788,-86.2478592
2137,Stop 2137,20,63,12.1358344,-86.246004
2138,Stop 2138,20,63,12.134963,-86.2441898
2139,Stop 2139,20,63,12.1323954,-86.2447001
2140,Stop 2140,20,63,12.1314151,-86.2446397
2141,Stop 2141,20,63,12.1299703,-86.2452431
2142,Stop 2142,20,63,12.1289775,-86.2451622
2143,Stop 2143,20,63,12.1263697,-86.241792
2144,Stop 2144,20,63,12.1238517,-86.2422781
2145,Stop 2145,20,63,12.1215718,-86.2434657
2146,Stop 2146,20,63,12.1183255,-86.2393597
2147,Stop 2147,20,63,12.1178599,-86.2387919
2148,Stop 2148,20,63,12.115766,-86.2370703
2149,Stop 2149,20,63,12.1147076,-86.2363401
2150,Stop 2150,20,63,12.1116664,-86.234288
2151,Stop 2151,20,63,12.1095725,-86.2320563
2152,Stop 2152,20,63,12.1090605,-86.2276009
2153,Stop 2153,20,63,12.1092995,-86.2249958
2154,Stop 2154,20,63,12.1092121,-86.2237215
2155,Stop 2155,20,63,12.1077542,-86.2237022
2156,Stop 2156,20,63,12.1054254,-86.2237227
2157,Stop 2157,20,63,12.1047207,-86.2256711
2158,Stop 2158,20,63,12.1047854,-86.22871